image,width,height,gt,pred,matched,gt_only,pred_only,geometrie,label_sans_pred,pred_sans_label,vrais_desaccords,desaccords_bruts
test_0.jpg,2448,3264,121,144,120,1,24,0,1,24,25,25
test_1.jpg,1920,2560,132,147,126,6,21,2,4,19,23,27
test_10.jpg,2340,4160,143,151,124,19,27,5,14,22,36,46
test_100.jpg,1920,2560,154,201,150,4,51,4,0,47,47,55
test_1000.jpg,2448,3264,133,145,130,3,15,3,0,12,12,18
test_1001.jpg,3840,2160,172,189,168,4,21,3,1,18,19,25
test_1002.jpg,2448,3264,188,238,176,12,62,6,6,56,62,74
test_1003.jpg,2448,3264,141,153,100,41,53,21,20,32,52,94
test_1004.jpg,2368,4224,153,152,151,2,1,0,2,1,3,3
test_1005.jpg,3264,2448,148,161,123,25,38,6,19,32,51,63
test_1006.jpg,2448,3264,127,130,97,30,33,10,20,23,43,63
test_1007.jpg,3096,4128,157,184,150,7,34,6,1,28,29,41
test_1008.jpg,2448,3264,100,121,91,9,30,5,4,25,29,39
test_1009.jpg,1920,2560,128,155,112,16,43,5,11,38,49,59
test_101.jpg,2336,4160,105,128,100,5,28,4,1,24,25,33
test_1010.jpg,2448,3264,134,361,84,50,277,34,16,243,259,327
test_1011.jpg,3120,4208,161,181,161,0,20,0,0,20,20,20
test_1012.jpg,2448,3264,144,152,137,7,15,4,3,11,14,22
test_1013.jpg,2560,1920,244,343,181,63,162,35,28,127,155,225
test_1014.jpg,2448,3264,129,151,123,6,28,5,1,23,24,34
test_1015.jpg,2336,4160,129,132,117,12,15,4,8,11,19,27
test_1016.jpg,2448,3264,132,142,127,5,15,1,4,14,18,20
test_1017.jpg,3120,4160,137,156,130,7,26,2,5,24,29,33
test_1018.jpg,2160,3840,130,142,120,10,22,5,5,17,22,32
test_1019.jpg,2448,3264,140,158,130,10,28,6,4,22,26,38
test_102.jpg,1920,2560,115,130,112,3,18,1,2,17,19,21
test_1020.jpg,3264,2448,42,54,24,18,30,5,13,25,38,48
test_1021.jpg,2322,4128,164,152,124,40,28,12,28,16,44,68
test_1022.jpg,1920,2560,111,147,107,4,40,3,1,37,38,44
test_1023.jpg,2448,3264,173,184,173,0,11,0,0,11,11,11
test_1024.jpg,2448,3264,161,173,155,6,18,0,6,18,24,24
test_1025.jpg,2322,4128,120,152,113,7,39,3,4,36,40,46
test_1026.jpg,2448,3264,187,182,175,12,7,6,6,1,7,19
test_1027.jpg,2160,3840,144,160,137,7,23,3,4,20,24,30
test_1028.jpg,2448,3264,136,174,89,47,85,24,23,61,84,132
test_1029.jpg,2560,1920,166,190,158,8,32,2,6,30,36,40
test_103.jpg,2448,3264,123,144,121,2,23,2,0,21,21,25
test_1030.jpg,2340,4160,123,145,122,1,23,1,0,22,22,24
test_1031.jpg,2448,3264,149,160,145,4,15,3,1,12,13,19
test_1032.jpg,2448,3264,261,273,218,43,55,14,29,41,70,98
test_1033.jpg,2448,3264,134,138,110,24,28,10,14,18,32,52
test_1034.jpg,2336,4160,105,118,105,0,13,0,0,13,13,13
test_1035.jpg,2560,1920,147,186,145,2,41,0,2,41,43,43
test_1036.jpg,2448,3264,146,141,124,22,17,5,17,12,29,39
test_1037.jpg,1920,2560,144,154,144,0,10,0,0,10,10,10
test_1038.jpg,2448,3264,133,330,92,41,238,29,12,209,221,279
test_1039.jpg,2988,5312,138,153,128,10,25,5,5,20,25,35
test_104.jpg,2448,3264,117,93,80,37,13,5,32,8,40,50
test_1040.jpg,2448,3264,127,160,119,8,41,6,2,35,37,49
test_1041.jpg,2448,3264,102,144,102,0,42,0,0,42,42,42
test_1042.jpg,2322,4128,125,143,116,9,27,9,0,18,18,36
test_1043.jpg,2448,3264,151,156,139,12,17,2,10,15,25,29
test_1044.jpg,2340,4160,127,111,103,24,8,5,19,3,22,32
test_1045.jpg,3120,4160,499,573,437,62,136,32,30,104,134,198
test_1046.jpg,2340,4160,96,110,91,5,19,2,3,17,20,24
test_1047.jpg,2448,3264,132,159,125,7,34,5,2,29,31,41
test_1048.jpg,2560,1920,76,74,29,47,45,13,34,32,66,92
test_1049.jpg,2340,4160,134,142,125,9,17,4,5,13,18,26
test_105.jpg,1920,2560,113,107,88,25,19,4,21,15,36,44
test_1050.jpg,2448,3264,175,190,173,2,17,1,1,16,17,19
test_1051.jpg,2448,3264,128,139,127,1,12,1,0,11,11,13
test_1052.jpg,2448,3264,107,132,89,18,43,7,11,36,47,61
test_1053.jpg,2448,3264,177,214,160,17,54,11,6,43,49,71
test_1054.jpg,3264,2448,279,284,269,10,15,4,6,11,17,25
test_1055.jpg,1920,2560,114,145,111,3,34,3,0,31,31,37
test_1056.jpg,2448,3264,110,155,76,34,79,26,8,53,61,113
test_1057.jpg,3264,2448,230,226,194,36,32,6,30,26,56,68
test_1058.jpg,2448,3264,134,134,95,39,39,10,29,29,58,78
test_1059.jpg,2336,4160,137,149,123,14,26,6,8,20,28,40
test_106.jpg,2340,4160,122,136,111,11,25,6,5,19,24,36
test_1060.jpg,1920,2560,128,144,126,2,18,1,1,17,18,20
test_1061.jpg,2448,3264,130,144,111,19,33,8,11,25,36,52
test_1062.jpg,1920,2560,86,125,71,15,54,4,11,50,61,69
test_1063.jpg,1920,2560,120,149,112,8,37,6,2,31,33,45
test_1064.jpg,2160,3840,130,149,121,9,28,7,2,21,23,37
test_1065.jpg,1920,2560,154,172,146,8,26,1,7,25,32,34
test_1066.jpg,3120,4208,178,193,161,17,32,7,10,25,35,49
test_1067.jpg,2448,3264,59,153,52,7,101,2,5,99,104,108
test_1068.jpg,3104,4192,173,191,152,21,39,11,10,28,38,60
test_1069.jpg,1920,2560,161,173,156,5,17,3,2,14,16,22
test_107.jpg,1920,2560,217,402,178,39,224,26,13,198,211,263
test_1070.jpg,2448,3264,133,147,123,10,24,4,6,20,26,34
test_1071.jpg,3120,4160,146,202,132,14,70,12,2,58,60,84
test_1072.jpg,2448,3264,115,132,110,5,22,3,2,19,21,27
test_1073.jpg,1920,2560,143,160,130,13,30,6,7,24,31,43
test_1074.jpg,3264,2448,75,67,50,25,17,1,24,16,40,42
test_1075.jpg,1920,2560,141,143,132,9,11,2,7,9,16,20
test_1076.jpg,2340,4160,162,174,155,7,19,4,3,15,18,26
test_1077.jpg,2560,1920,140,156,138,2,18,1,1,17,18,20
test_1078.jpg,1920,2560,113,117,113,0,4,0,0,4,4,4
test_1079.jpg,2448,3264,183,182,130,53,52,21,32,31,63,105
test_108.jpg,2448,3264,333,306,245,88,61,24,64,37,101,149
test_1080.jpg,2448,3264,145,192,131,14,61,6,8,55,63,75
test_1081.jpg,2340,4160,120,126,116,4,10,2,2,8,10,14
test_1082.jpg,2340,4160,115,122,108,7,14,3,4,11,15,21
test_1083.jpg,2988,5312,95,121,85,10,36,6,4,30,34,46
test_1084.jpg,2448,3264,122,134,113,9,21,4,5,17,22,30
test_1085.jpg,1920,2560,129,160,121,8,39,6,2,33,35,47
test_1086.jpg,2560,1920,163,190,146,17,44,7,10,37,47,61
test_1087.jpg,3104,4192,114,135,105,9,30,1,8,29,37,39
test_1088.jpg,2448,3264,153,190,132,21,58,7,14,51,65,79
test_1089.jpg,2336,4160,119,140,109,10,31,8,2,23,25,41
test_109.jpg,2268,4032,137,148,133,4,15,1,3,14,17,19
test_1090.jpg,2560,1920,156,116,95,61,21,6,55,15,70,82
test_1091.jpg,1920,2560,132,140,125,7,15,1,6,14,20,22
test_1092.jpg,2340,4160,113,123,99,14,24,6,8,18,26,38
test_1093.jpg,1920,2560,230,265,216,14,49,6,8,43,51,63
test_1094.jpg,2448,3264,192,243,151,41,92,17,24,75,99,133
test_1095.jpg,2448,3264,136,147,129,7,18,7,0,11,11,25
test_1096.jpg,2448,3264,121,152,112,9,40,4,5,36,41,49
test_1097.jpg,2448,3264,94,140,77,17,63,6,11,57,68,80
test_1098.jpg,3264,2448,169,230,159,10,71,6,4,65,69,81
test_1099.jpg,1920,2560,120,138,105,15,33,11,4,22,26,48
test_11.jpg,1920,2560,140,139,128,12,11,5,7,6,13,23
test_110.jpg,2340,4160,154,186,141,13,45,8,5,37,42,58
test_1100.jpg,2448,3264,192,173,128,64,45,19,45,26,71,109
test_1101.jpg,2336,4160,124,147,123,1,24,1,0,23,23,25
test_1102.jpg,2560,1920,139,152,137,2,15,2,0,13,13,17
test_1103.jpg,1920,2560,189,203,188,1,15,1,0,14,14,16
test_1104.jpg,2448,3264,181,211,177,4,34,4,0,30,30,38
test_1105.jpg,2448,3264,183,205,179,4,26,3,1,23,24,30
test_1106.jpg,2448,3264,158,159,141,17,18,3,14,15,29,35
test_1107.jpg,2448,3264,112,147,108,4,39,2,2,37,39,43
test_1108.jpg,2448,3264,153,172,150,3,22,3,0,19,19,25
test_1109.jpg,3264,2448,150,139,132,18,7,0,18,7,25,25
test_111.jpg,2448,3264,114,142,89,25,53,17,8,36,44,78
test_1110.jpg,2340,4160,204,195,163,41,32,13,28,19,47,73
test_1111.jpg,3120,4208,168,305,126,42,179,28,14,151,165,221
test_1112.jpg,2448,3264,150,165,144,6,21,4,2,17,19,27
test_1113.jpg,2448,3264,105,112,99,6,13,1,5,12,17,19
test_1114.jpg,1920,2560,156,185,153,3,32,3,0,29,29,35
test_1115.jpg,2448,3264,201,179,140,61,39,20,41,19,60,100
test_1116.jpg,3120,4208,131,135,125,6,10,1,5,9,14,16
test_1117.jpg,3024,3024,182,205,151,31,54,12,19,42,61,85
test_1118.jpg,2448,3264,161,181,136,25,45,10,15,35,50,70
test_1119.jpg,1920,2560,169,168,149,20,19,4,16,15,31,39
test_112.jpg,2336,4160,120,134,113,7,21,4,3,17,20,28
test_1120.jpg,2448,3264,138,160,118,20,42,12,8,30,38,62
test_1121.jpg,2560,1920,178,356,172,6,184,6,0,178,178,190
test_1122.jpg,2448,3264,121,153,119,2,34,2,0,32,32,36
test_1123.jpg,2448,3264,115,130,109,6,21,2,4,19,23,27
test_1124.jpg,2336,4160,138,151,127,11,24,6,5,18,23,35
test_1125.jpg,2448,3264,147,174,139,8,35,4,4,31,35,43
test_1126.jpg,1920,2560,123,148,113,10,35,6,4,29,33,45
test_1127.jpg,2448,3264,183,183,128,55,55,29,26,26,52,110
test_1128.jpg,2448,3264,177,189,172,5,17,4,1,13,14,22
test_1129.jpg,2448,3264,219,243,168,51,75,24,27,51,78,126
test_113.jpg,2448,3264,131,144,108,23,36,2,21,34,55,59
test_1130.jpg,2448,3264,127,143,127,0,16,0,0,16,16,16
test_1131.jpg,3024,3024,103,113,102,1,11,1,0,10,10,12
test_1132.jpg,2448,3264,128,151,99,29,52,10,19,42,61,81
test_1133.jpg,2448,3264,113,162,97,16,65,11,5,54,59,81
test_1134.jpg,2336,4160,117,128,104,13,24,5,8,19,27,37
test_1135.jpg,2336,4160,121,120,115,6,5,0,6,5,11,11
test_1136.jpg,3024,3024,147,150,137,10,13,4,6,9,15,23
test_1137.jpg,2448,3264,230,229,161,69,68,12,57,56,113,137
test_1138.jpg,2448,3264,134,152,116,18,36,13,5,23,28,54
test_1139.jpg,2448,3264,123,158,112,11,46,6,5,40,45,57
test_114.jpg,2448,3264,149,176,143,6,33,3,3,30,33,39
test_1140.jpg,1920,2560,111,119,109,2,10,1,1,9,10,12
test_1141.jpg,2336,4160,155,171,130,25,41,15,10,26,36,66
test_1142.jpg,2340,4160,191,214,180,11,34,4,7,30,37,45
test_1143.jpg,2448,3264,118,142,110,8,32,4,4,28,32,40
test_1144.jpg,1920,2560,188,176,166,22,10,3,19,7,26,32
test_1145.jpg,2448,3264,119,134,115,4,19,1,3,18,21,23
test_1146.jpg,2448,3264,128,161,112,16,49,10,6,39,45,65
test_1147.jpg,2448,3264,174,203,171,3,32,2,1,30,31,35
test_1148.jpg,2448,3264,124,143,123,1,20,1,0,19,19,21
test_1149.jpg,2340,4160,138,142,125,13,17,4,9,13,22,30
test_115.jpg,2336,4160,131,146,130,1,16,1,0,15,15,17
test_1150.jpg,1920,2560,133,157,132,1,25,0,1,25,26,26
test_1151.jpg,1920,2560,169,208,155,14,53,7,7,46,53,67
test_1152.jpg,2448,3264,165,284,120,45,164,25,20,139,159,209
test_1153.jpg,2448,3264,128,144,126,2,18,1,1,17,18,20
test_1154.jpg,1920,2560,102,125,100,2,25,1,1,24,25,27
test_1155.jpg,2592,4608,122,140,119,3,21,2,1,19,20,24
test_1156.jpg,2448,3264,126,151,121,5,30,5,0,25,25,35
test_1157.jpg,3120,4208,111,120,98,13,22,7,6,15,21,35
test_1158.jpg,2448,3264,202,216,194,8,22,3,5,19,24,30
test_1159.jpg,2340,4160,132,147,118,14,29,7,7,22,29,43
test_116.jpg,1920,2560,138,135,120,18,15,4,14,11,25,33
test_1160.jpg,3024,3024,142,179,130,12,49,6,6,43,49,61
test_1161.jpg,2448,3264,129,155,129,0,26,0,0,26,26,26
test_1162.jpg,2592,4608,163,170,148,15,22,5,10,17,27,37
test_1163.jpg,3120,4208,124,142,68,56,74,22,34,52,86,130
test_1164.jpg,3024,4032,129,148,122,7,26,1,6,25,31,33
test_1165.jpg,2560,1920,144,171,141,3,30,2,1,28,29,33
test_1166.jpg,2448,3264,132,134,116,16,18,0,16,18,34,34
test_1167.jpg,3120,4208,320,212,177,143,35,29,114,6,120,178
test_1168.jpg,2336,4160,151,146,123,28,23,11,17,12,29,51
test_1169.jpg,2448,3264,142,153,130,12,23,5,7,18,25,35
test_117.jpg,2336,4160,122,138,115,7,23,5,2,18,20,30
test_1170.jpg,2448,3264,158,162,145,13,17,6,7,11,18,30
test_1171.jpg,2448,3264,100,132,95,5,37,3,2,34,36,42
test_1172.jpg,2340,4160,117,106,85,32,21,15,17,6,23,53
test_1173.jpg,2560,1920,140,182,138,2,44,1,1,43,44,46
test_1174.jpg,2448,3264,120,129,113,7,16,2,5,14,19,23
test_1175.jpg,3264,2448,171,195,162,9,33,4,5,29,34,42
test_1176.jpg,2448,3264,123,148,121,2,27,0,2,27,29,29
test_1177.jpg,2448,3264,151,141,129,22,12,2,20,10,30,34
test_1178.jpg,3264,2448,147,172,145,2,27,1,1,26,27,29
test_1179.jpg,3120,4160,162,241,147,15,94,12,3,82,85,109
test_118.jpg,3120,4160,333,396,288,45,108,26,19,82,101,153
test_1180.jpg,2448,3264,142,160,137,5,23,4,1,19,20,28
test_1181.jpg,2448,3264,116,145,114,2,31,2,0,29,29,33
test_1182.jpg,2448,3264,174,172,165,9,7,0,9,7,16,16
test_1183.jpg,2448,3264,211,241,181,30,60,7,23,53,76,90
test_1184.jpg,2448,3264,114,151,111,3,40,1,2,39,41,43
test_1185.jpg,2448,3264,125,153,121,4,32,2,2,30,32,36
test_1186.jpg,3264,2448,163,180,154,9,26,1,8,25,33,35
test_1187.jpg,2340,4160,135,142,110,25,32,8,17,24,41,57
test_1188.jpg,2340,4160,155,185,149,6,36,4,2,32,34,42
test_1189.jpg,2340,4160,173,205,164,9,41,7,2,34,36,50
test_119.jpg,2448,3264,115,148,114,1,34,0,1,34,35,35
test_1190.jpg,2448,3264,134,144,134,0,10,0,0,10,10,10
test_1191.jpg,3264,2448,111,203,99,12,104,4,8,100,108,116
test_1192.jpg,1920,2560,165,183,158,7,25,5,2,20,22,32
test_1193.jpg,2448,3264,84,73,31,53,42,3,50,39,89,95
test_1194.jpg,2448,3264,146,154,141,5,13,1,4,12,16,18
test_1195.jpg,2448,3264,111,127,105,6,22,3,3,19,22,28
test_1196.jpg,2336,4160,171,193,169,2,24,1,1,23,24,26
test_1197.jpg,1920,2560,108,110,104,4,6,0,4,6,10,10
test_1198.jpg,2336,4160,274,341,236,38,105,32,6,73,79,143
test_1199.jpg,2448,3264,287,322,267,20,55,12,8,43,51,75
test_12.jpg,3264,2448,220,239,202,18,37,6,12,31,43,55
test_120.jpg,3120,4160,221,241,216,5,25,2,3,23,26,30
test_1200.jpg,2336,4160,110,133,102,8,31,7,1,24,25,39
test_1201.jpg,3120,4208,88,297,13,75,284,62,13,222,235,359
test_1202.jpg,3120,4208,152,249,101,51,148,38,13,110,123,199
test_1203.jpg,2560,1920,150,193,146,4,47,3,1,44,45,51
test_1204.jpg,2448,3264,136,151,136,0,15,0,0,15,15,15
test_1205.jpg,2340,4160,115,116,108,7,8,4,3,4,7,15
test_1206.jpg,1920,2560,132,150,131,1,19,0,1,19,20,20
test_1207.jpg,2448,3264,139,142,128,11,14,3,8,11,19,25
test_1208.jpg,2448,3264,197,221,141,56,80,24,32,56,88,136
test_1209.jpg,1920,2560,124,144,121,3,23,3,0,20,20,26
test_121.jpg,2448,3264,124,137,116,8,21,3,5,18,23,29
test_1210.jpg,2448,3264,126,154,118,8,36,6,2,30,32,44
test_1211.jpg,2448,3264,127,147,114,13,33,5,8,28,36,46
test_1212.jpg,2448,3264,138,154,137,1,17,0,1,17,18,18
test_1213.jpg,2336,4160,130,205,118,12,87,11,1,76,77,99
test_1214.jpg,3120,4208,162,171,159,3,12,2,1,10,11,15
test_1215.jpg,2268,4032,132,142,129,3,13,2,1,11,12,16
test_1216.jpg,1920,2560,128,138,103,25,35,9,16,26,42,60
test_1217.jpg,2560,1920,129,154,123,6,31,4,2,27,29,37
test_1218.jpg,2448,3264,200,163,145,55,18,6,49,12,61,73
test_1219.jpg,2340,4160,161,177,150,11,27,5,6,22,28,38
test_122.jpg,2448,3264,170,186,164,6,22,5,1,17,18,28
test_1220.jpg,1920,2560,113,114,111,2,3,0,2,3,5,5
test_1221.jpg,3120,4160,117,160,116,1,44,1,0,43,43,45
test_1222.jpg,3120,4160,253,291,237,16,54,9,7,45,52,70
test_1223.jpg,1920,2560,124,132,124,0,8,0,0,8,8,8
test_1224.jpg,3264,2448,131,220,129,2,91,2,0,89,89,93
test_1225.jpg,2448,3264,157,205,136,21,69,9,12,60,72,90
test_1226.jpg,2340,4160,115,116,106,9,10,2,7,8,15,19
test_1227.jpg,2448,3264,161,198,150,11,48,6,5,42,47,59
test_1228.jpg,2448,3264,207,227,162,45,65,18,27,47,74,110
test_1229.jpg,3264,2448,93,219,87,6,132,0,6,132,138,138
test_123.jpg,2336,4160,122,133,116,6,17,1,5,16,21,23
test_1230.jpg,1920,2560,113,137,112,1,25,1,0,24,24,26
test_1231.jpg,2340,4160,128,134,112,16,22,6,10,16,26,38
test_1232.jpg,2448,3264,108,120,107,1,13,0,1,13,14,14
test_1233.jpg,2336,4160,153,166,142,11,24,7,4,17,21,35
test_1234.jpg,2448,3264,161,166,151,10,15,2,8,13,21,25
test_1235.jpg,2448,3264,146,158,123,23,35,11,12,24,36,58
test_1236.jpg,2448,3264,125,129,111,14,18,3,11,15,26,32
test_1237.jpg,2448,3264,69,142,54,15,88,15,0,73,73,103
test_1238.jpg,2448,3264,121,133,113,8,20,2,6,18,24,28
test_1239.jpg,2448,3264,108,122,87,21,35,8,13,27,40,56
test_124.jpg,1920,2560,130,149,128,2,21,1,1,20,21,23
test_1240.jpg,2448,3264,129,143,126,3,17,0,3,17,20,20
test_1241.jpg,2448,3264,159,188,154,5,34,5,0,29,29,39
test_1242.jpg,2448,3264,126,127,119,7,8,3,4,5,9,15
test_1243.jpg,2592,4608,155,169,145,10,24,5,5,19,24,34
test_1244.jpg,2400,3200,271,302,236,35,66,14,21,52,73,101
test_1245.jpg,2592,4608,143,157,142,1,15,0,1,15,16,16
test_1246.jpg,2448,3264,128,185,116,12,69,6,6,63,69,81
test_1247.jpg,1920,2560,116,134,115,1,19,0,1,19,20,20
test_1248.jpg,3120,4208,117,122,104,13,18,5,8,13,21,31
test_1249.jpg,2336,4160,137,144,118,19,26,9,10,17,27,45
test_125.jpg,2336,4160,146,148,135,11,13,2,9,11,20,24
test_1250.jpg,2448,3264,140,255,96,44,159,34,10,125,135,203
test_1251.jpg,2448,3264,105,135,96,9,39,5,4,34,38,48
test_1252.jpg,3120,4208,162,259,119,43,140,29,14,111,125,183
test_1253.jpg,2340,4160,218,222,205,13,17,3,10,14,24,30
test_1254.jpg,1920,2560,116,130,116,0,14,0,0,14,14,14
test_1255.jpg,2448,3264,160,181,146,14,35,7,7,28,35,49
test_1256.jpg,2448,3264,117,141,102,15,39,8,7,31,38,54
test_1257.jpg,2448,3264,226,230,204,22,26,6,16,20,36,48
test_1258.jpg,1920,2560,131,152,128,3,24,1,2,23,25,27
test_1259.jpg,2448,3264,160,174,132,28,42,9,19,33,52,70
test_126.jpg,2448,3264,102,129,97,5,32,5,0,27,27,37
test_1260.jpg,2448,3264,135,142,134,1,8,1,0,7,7,9
test_1261.jpg,3024,3024,128,151,123,5,28,4,1,24,25,33
test_1262.jpg,1920,2560,124,105,87,37,18,10,27,8,35,55
test_1263.jpg,2448,3264,179,212,157,22,55,19,3,36,39,77
test_1264.jpg,2448,3264,197,211,195,2,16,1,1,15,16,18
test_1265.jpg,2448,3264,154,152,147,7,5,2,5,3,8,12
test_1266.jpg,2448,3264,139,171,123,16,48,6,10,42,52,64
test_1267.jpg,2340,4160,141,183,128,13,55,6,7,49,56,68
test_1268.jpg,2448,3264,116,129,115,1,14,1,0,13,13,15
test_1269.jpg,2448,3264,123,139,116,7,23,2,5,21,26,30
test_127.jpg,4208,3120,124,123,114,10,9,1,9,8,17,19
test_1270.jpg,1920,2560,175,178,151,24,27,6,18,21,39,51
test_1271.jpg,2448,3264,140,145,126,14,19,6,8,13,21,33
test_1272.jpg,2448,3264,146,163,134,12,29,8,4,21,25,41
test_1273.jpg,2336,4160,171,173,153,18,20,3,15,17,32,38
test_1274.jpg,1920,2560,158,228,136,22,92,19,3,73,76,114
test_1275.jpg,3120,4208,119,118,118,1,0,0,1,0,1,1
test_1276.jpg,2448,3264,144,152,133,11,19,3,8,16,24,30
test_1277.jpg,2448,3264,184,76,50,134,26,17,117,9,126,160
test_1278.jpg,1920,2560,125,138,125,0,13,0,0,13,13,13
test_1279.jpg,2448,3264,97,110,69,28,41,14,14,27,41,69
test_128.jpg,3264,2448,124,126,98,26,28,10,16,18,34,54
test_1280.jpg,2448,3264,137,167,137,0,30,0,0,30,30,30
test_1281.jpg,2160,3840,140,150,83,57,67,34,23,33,56,124
test_1282.jpg,2448,3264,139,145,138,1,7,1,0,6,6,8
test_1283.jpg,2448,3264,117,135,101,16,34,7,9,27,36,50
test_1284.jpg,1920,2560,164,186,148,16,38,10,6,28,34,54
test_1285.jpg,2336,4160,164,183,161,3,22,0,3,22,25,25
test_1286.jpg,2560,1920,123,152,122,1,30,1,0,29,29,31
test_1287.jpg,2448,3264,94,96,83,11,13,0,11,13,24,24
test_1288.jpg,2448,3264,140,155,134,6,21,2,4,19,23,27
test_1289.jpg,2336,4160,119,260,100,19,160,15,4,145,149,179
test_129.jpg,1920,2560,533,544,531,2,13,2,0,11,11,15
test_1290.jpg,1920,2560,147,212,145,2,67,1,1,66,67,69
test_1291.jpg,3264,2448,251,258,218,33,40,6,27,34,61,73
test_1292.jpg,3024,3024,128,164,125,3,39,1,2,38,40,42
test_1293.jpg,1920,2560,129,137,128,1,9,0,1,9,10,10
test_1294.jpg,2592,1936,214,224,195,19,29,7,12,22,34,48
test_1295.jpg,1920,2560,150,157,150,0,7,0,0,7,7,7
test_1296.jpg,2448,3264,196,361,149,47,212,35,12,177,189,259
test_1297.jpg,2340,4160,123,148,116,7,32,3,4,29,33,39
test_1298.jpg,2322,4128,152,140,98,54,42,24,30,18,48,96
test_1299.jpg,2448,3264,130,146,123,7,23,2,5,21,26,30
test_13.jpg,2340,4160,118,124,99,19,25,8,11,17,28,44
test_130.jpg,2160,3840,170,181,132,38,49,21,17,28,45,87
test_1300.jpg,1920,2560,141,148,119,22,29,4,18,25,43,51
test_1301.jpg,2448,3264,170,162,148,22,14,4,18,10,28,36
test_1302.jpg,2448,3264,137,149,128,9,21,4,5,17,22,30
test_1303.jpg,3120,4160,182,174,166,16,8,2,14,6,20,24
test_1304.jpg,3264,2448,123,128,123,0,5,0,0,5,5,5
test_1305.jpg,1920,2560,122,138,85,37,53,15,22,38,60,90
test_1306.jpg,1920,2560,132,147,132,0,15,0,0,15,15,15
test_1307.jpg,2448,3264,137,144,120,17,24,4,13,20,33,41
test_1308.jpg,2448,3264,112,134,90,22,44,11,11,33,44,66
test_1309.jpg,2448,3264,119,129,108,11,21,1,10,20,30,32
test_131.jpg,2448,3264,148,159,146,2,13,1,1,12,13,15
test_1310.jpg,2336,4160,128,135,127,1,8,1,0,7,7,9
test_1311.jpg,2448,3264,124,124,118,6,6,4,2,2,4,12
test_1312.jpg,2448,3264,134,128,121,13,7,3,10,4,14,20
test_1313.jpg,1920,2560,118,148,116,2,32,2,0,30,30,34
test_1314.jpg,2448,3264,117,129,114,3,15,1,2,14,16,18
test_1315.jpg,1920,2560,177,189,175,2,14,2,0,12,12,16
test_1316.jpg,2448,3264,167,191,164,3,27,1,2,26,28,30
test_1317.jpg,2448,3264,175,186,158,17,28,6,11,22,33,45
test_1318.jpg,2448,3264,136,130,119,17,11,3,14,8,22,28
test_1319.jpg,1920,2560,132,186,128,4,58,3,1,55,56,62
test_132.jpg,2448,3264,126,46,30,96,16,8,88,8,96,112
test_1320.jpg,2336,4160,119,129,111,8,18,8,0,10,10,26
test_1321.jpg,3264,2448,153,186,140,13,46,5,8,41,49,59
test_1322.jpg,1920,2560,137,135,120,17,15,6,11,9,20,32
test_1323.jpg,3120,4160,162,272,144,18,128,11,7,117,124,146
test_1324.jpg,2448,3264,128,150,121,7,29,6,1,23,24,36
test_1325.jpg,2448,3264,85,167,82,3,85,1,2,84,86,88
test_1326.jpg,2448,3264,96,109,94,2,15,2,0,13,13,17
test_1327.jpg,3104,4192,139,146,132,7,14,4,3,10,13,21
test_1328.jpg,2448,3264,121,135,118,3,17,1,2,16,18,20
test_1329.jpg,1920,2560,138,146,136,2,10,0,2,10,12,12
test_133.jpg,2448,3264,111,141,108,3,33,0,3,33,36,36
test_1330.jpg,1920,2560,131,140,130,1,10,0,1,10,11,11
test_1331.jpg,2448,3264,121,136,119,2,17,1,1,16,17,19
test_1332.jpg,2340,4160,173,173,147,26,26,9,17,17,34,52
test_1333.jpg,2448,3264,258,429,196,62,233,38,24,195,219,295
test_1334.jpg,2448,3264,114,121,112,2,9,1,1,8,9,11
test_1335.jpg,2592,4608,135,140,120,15,20,6,9,14,23,35
test_1336.jpg,2448,3264,116,151,113,3,38,1,2,37,39,41
test_1337.jpg,3264,2448,151,177,150,1,27,0,1,27,28,28
test_1338.jpg,2340,4160,128,153,126,2,27,0,2,27,29,29
test_1339.jpg,3264,2448,183,186,165,18,21,3,15,18,33,39
test_134.jpg,2988,5312,181,196,158,23,38,12,11,26,37,61
test_1340.jpg,2448,3264,142,162,136,6,26,3,3,23,26,32
test_1341.jpg,2448,3264,118,171,115,3,56,3,0,53,53,59
test_1342.jpg,2560,1920,198,220,167,31,53,13,18,40,58,84
test_1343.jpg,2336,4160,104,111,102,2,9,1,1,8,9,11
test_1344.jpg,3024,3024,162,176,162,0,14,0,0,14,14,14
test_1345.jpg,2448,3264,113,153,111,2,42,1,1,41,42,44
test_1346.jpg,2340,4160,135,153,89,46,64,30,16,34,50,110
test_1347.jpg,2448,3264,149,158,143,6,15,3,3,12,15,21
test_1348.jpg,2448,3264,66,70,58,8,12,4,4,8,12,20
test_1349.jpg,2448,3264,138,171,132,6,39,5,1,34,35,45
test_135.jpg,1920,2560,135,155,135,0,20,0,0,20,20,20
test_1350.jpg,2448,3264,107,119,80,27,39,10,17,29,46,66
test_1351.jpg,3264,2448,94,99,70,24,29,3,21,26,47,53
test_1352.jpg,2560,1920,182,200,166,16,34,7,9,27,36,50
test_1353.jpg,3264,2448,224,232,221,3,11,1,2,10,12,14
test_1354.jpg,3264,2448,169,210,154,15,56,9,6,47,53,71
test_1355.jpg,1920,2560,156,162,154,2,8,1,1,7,8,10
test_1356.jpg,2448,3264,134,159,94,40,65,16,24,49,73,105
test_1357.jpg,3264,2448,148,157,146,2,11,1,1,10,11,13
test_1358.jpg,2368,4224,159,172,156,3,16,3,0,13,13,19
test_1359.jpg,2560,1920,106,123,106,0,17,0,0,17,17,17
test_136.jpg,2448,3264,124,153,112,12,41,6,6,35,41,53
test_1360.jpg,2448,3264,192,177,126,66,51,23,43,28,71,117
test_1361.jpg,2448,3264,115,154,97,18,57,14,4,43,47,75
test_1362.jpg,2336,4160,292,364,271,21,93,18,3,75,78,114
test_1363.jpg,1920,2560,150,172,145,5,27,5,0,22,22,32
test_1364.jpg,2340,4160,146,160,137,9,23,3,6,20,26,32
test_1365.jpg,2448,3264,168,175,139,29,36,11,18,25,43,65
test_1366.jpg,3264,2448,116,148,113,3,35,2,1,33,34,38
test_1367.jpg,2336,4160,182,204,141,41,63,17,24,46,70,104
test_1368.jpg,2336,4160,105,119,96,9,23,3,6,20,26,32
test_1369.jpg,3120,4160,188,196,168,20,28,7,13,21,34,48
test_137.jpg,2448,3264,162,153,94,68,59,10,58,49,107,127
test_1370.jpg,2336,4160,178,181,164,14,17,2,12,15,27,31
test_1371.jpg,2448,3264,141,144,134,7,10,1,6,9,15,17
test_1372.jpg,1920,2560,113,122,109,4,13,1,3,12,15,17
test_1373.jpg,1920,2560,125,136,125,0,11,0,0,11,11,11
test_1374.jpg,2448,3264,118,125,114,4,11,2,2,9,11,15
test_1375.jpg,3264,2448,171,239,166,5,73,4,1,69,70,78
test_1376.jpg,2448,3264,150,161,150,0,11,0,0,11,11,11
test_1377.jpg,2322,4128,156,171,153,3,18,2,1,16,17,21
test_1378.jpg,2448,3264,144,154,138,6,16,2,4,14,18,22
test_1379.jpg,2448,3264,165,205,161,4,44,2,2,42,44,48
test_138.jpg,1920,2560,115,135,114,1,21,0,1,21,22,22
test_1380.jpg,2448,3264,150,158,143,7,15,7,0,8,8,22
test_1381.jpg,2448,3264,103,155,84,19,71,9,10,62,72,90
test_1382.jpg,2336,4160,130,120,82,48,38,17,31,21,52,86
test_1383.jpg,2340,4160,130,140,118,12,22,3,9,19,28,34
test_1384.jpg,2448,3264,155,193,135,20,58,8,12,50,62,78
test_1385.jpg,3024,4032,395,503,363,32,140,24,8,116,124,172
test_1386.jpg,2448,3264,109,133,95,14,38,2,12,36,48,52
test_1387.jpg,2448,3264,166,192,164,2,28,1,1,27,28,30
test_1388.jpg,3264,2448,153,205,153,0,52,0,0,52,52,52
test_1389.jpg,1920,2560,139,159,125,14,34,13,1,21,22,48
test_139.jpg,2448,3264,129,145,113,16,32,5,11,27,38,48
test_1390.jpg,1920,2560,163,172,158,5,14,1,4,13,17,19
test_1391.jpg,2448,3264,153,199,143,10,56,7,3,49,52,66
test_1392.jpg,2448,3264,156,176,155,1,21,1,0,20,20,22
test_1393.jpg,2448,3264,137,160,129,8,31,5,3,26,29,39
test_1394.jpg,1920,2560,128,156,125,3,31,2,1,29,30,34
test_1395.jpg,2448,3264,107,118,93,14,25,8,6,17,23,39
test_1396.jpg,2448,3264,188,203,179,9,24,4,5,20,25,33
test_1397.jpg,2448,3264,20,89,20,0,69,0,0,69,69,69
test_1398.jpg,3264,2448,143,148,133,10,15,4,6,11,17,25
test_1399.jpg,2336,4160,122,149,116,6,33,0,6,33,39,39
test_14.jpg,2336,4160,116,133,110,6,23,1,5,22,27,29
test_140.jpg,3120,4160,211,225,190,21,35,11,10,24,34,56
test_1400.jpg,3264,2448,130,148,127,3,21,2,1,19,20,24
test_1401.jpg,2448,3264,90,95,55,35,40,7,28,33,61,75
test_1402.jpg,3120,4160,346,386,339,7,47,4,3,43,46,54
test_1403.jpg,2448,3264,136,144,122,14,22,3,11,19,30,36
test_1404.jpg,2448,3264,121,151,105,16,46,9,7,37,44,62
test_1405.jpg,1920,2560,183,221,178,5,43,4,1,39,40,48
test_1406.jpg,2448,3264,147,155,134,13,21,3,10,18,28,34
test_1407.jpg,4160,2340,124,133,121,3,12,0,3,12,15,15
test_1408.jpg,2160,3840,190,200,181,9,19,4,5,15,20,28
test_1409.jpg,2560,1920,173,264,152,21,112,14,7,98,105,133
test_141.jpg,2448,3264,145,188,128,17,60,8,9,52,61,77
test_1410.jpg,2448,3264,123,131,121,2,10,1,1,9,10,12
test_1411.jpg,2448,3264,79,130,64,15,66,9,6,57,63,81
test_1412.jpg,2448,3264,138,157,134,4,23,2,2,21,23,27
test_1413.jpg,2448,3264,145,140,125,20,15,6,14,9,23,35
test_1414.jpg,1920,2560,180,216,175,5,41,2,3,39,42,46
test_1415.jpg,2448,3264,179,193,173,6,20,3,3,17,20,26
test_1416.jpg,2448,3264,115,162,111,4,51,2,2,49,51,55
test_1417.jpg,2448,3264,206,217,195,11,22,1,10,21,31,33
test_1418.jpg,2448,3264,152,162,147,5,15,4,1,11,12,20
test_1419.jpg,2448,3264,144,161,140,4,21,1,3,20,23,25
test_142.jpg,2448,3264,95,164,80,15,84,8,7,76,83,99
test_1420.jpg,1920,2560,204,229,197,7,32,3,4,29,33,39
test_1421.jpg,1920,2560,140,123,92,48,31,18,30,13,43,79
test_1422.jpg,3024,4032,255,287,255,0,32,0,0,32,32,32
test_1423.jpg,2448,3264,120,153,116,4,37,3,1,34,35,41
test_1424.jpg,2560,1920,143,152,135,8,17,7,1,10,11,25
test_1425.jpg,2448,3264,123,131,116,7,15,4,3,11,14,22
test_1426.jpg,1920,2560,150,159,142,8,17,5,3,12,15,25
test_1427.jpg,2448,3264,162,164,151,11,13,1,10,12,22,24
test_1428.jpg,3120,4160,192,193,176,16,17,5,11,12,23,33
test_1429.jpg,2448,3264,127,148,122,5,26,2,3,24,27,31
test_143.jpg,2448,3264,133,147,132,1,15,0,1,15,16,16
test_1430.jpg,2336,4160,131,147,117,14,30,7,7,23,30,44
test_1431.jpg,2448,3264,109,148,101,8,47,3,5,44,49,55
test_1432.jpg,2448,3264,128,141,128,0,13,0,0,13,13,13
test_1433.jpg,2340,4160,146,151,129,17,22,7,10,15,25,39
test_1434.jpg,2448,3264,131,185,129,2,56,1,1,55,56,58
test_1435.jpg,2448,3264,155,226,117,38,109,20,18,89,107,147
test_1436.jpg,2448,3264,120,153,115,5,38,2,3,36,39,43
test_1437.jpg,1920,2560,134,152,133,1,19,1,0,18,18,20
test_1438.jpg,3120,4208,123,162,119,4,43,0,4,43,47,47
test_1439.jpg,2336,4160,143,158,143,0,15,0,0,15,15,15
test_144.jpg,2448,3264,181,196,171,10,25,4,6,21,27,35
test_1440.jpg,2340,4160,115,134,104,11,30,8,3,22,25,41
test_1441.jpg,2448,3264,105,145,98,7,47,1,6,46,52,54
test_1442.jpg,2448,3264,119,124,114,5,10,1,4,9,13,15
test_1443.jpg,2560,1920,190,192,186,4,6,1,3,5,8,10
test_1444.jpg,3120,4208,105,124,101,4,23,3,1,20,21,27
test_1445.jpg,2560,1920,119,127,117,2,10,1,1,9,10,12
test_1446.jpg,2448,3264,178,230,133,45,97,8,37,89,126,142
test_1447.jpg,2268,4032,130,156,117,13,39,11,2,28,30,52
test_1448.jpg,3264,2448,177,184,171,6,13,2,4,11,15,19
test_1449.jpg,2448,3264,121,138,117,4,21,3,1,18,19,25
test_145.jpg,1920,2560,130,142,119,11,23,3,8,20,28,34
test_1450.jpg,2448,3264,125,136,124,1,12,0,1,12,13,13
test_1451.jpg,1920,2560,130,163,127,3,36,2,1,34,35,39
test_1452.jpg,2448,3264,117,129,114,3,15,1,2,14,16,18
test_1453.jpg,2560,1920,298,270,231,67,39,11,56,28,84,106
test_1454.jpg,2448,3264,107,141,104,3,37,3,0,34,34,40
test_1455.jpg,2592,4608,121,147,113,8,34,4,4,30,34,42
test_1456.jpg,2448,3264,133,151,131,2,20,2,0,18,18,22
test_1457.jpg,1920,2560,124,151,116,8,35,1,7,34,41,43
test_1458.jpg,2448,3264,154,181,148,6,33,2,4,31,35,39
test_1459.jpg,2336,4160,121,131,118,3,13,2,1,11,12,16
test_146.jpg,2336,4160,149,187,149,0,38,0,0,38,38,38
test_1460.jpg,2448,3264,143,145,122,21,23,6,15,17,32,44
test_1461.jpg,2448,3264,131,146,128,3,18,2,1,16,17,21
test_1462.jpg,2448,3264,153,166,144,9,22,3,6,19,25,31
test_1463.jpg,2448,3264,153,159,149,4,10,1,3,9,12,14
test_1464.jpg,1920,2560,134,145,128,6,17,3,3,14,17,23
test_1465.jpg,1920,2560,192,192,167,25,25,7,18,18,36,50
test_1466.jpg,2448,3264,142,143,118,24,25,3,21,22,43,49
test_1467.jpg,2448,3264,106,118,98,8,20,3,5,17,22,28
test_1468.jpg,2448,3264,116,118,114,2,4,1,1,3,4,6
test_1469.jpg,1920,2560,130,140,129,1,11,0,1,11,12,12
test_147.jpg,2448,3264,142,186,139,3,47,2,1,45,46,50
test_1470.jpg,2340,4160,135,146,133,2,13,1,1,12,13,15
test_1471.jpg,2448,3264,115,128,107,8,21,3,5,18,23,29
test_1472.jpg,2336,4160,141,139,121,20,18,8,12,10,22,38
test_1473.jpg,1920,2560,121,159,121,0,38,0,0,38,38,38
test_1474.jpg,2340,4160,150,161,144,6,17,3,3,14,17,23
test_1475.jpg,1920,2560,191,234,190,1,44,1,0,43,43,45
test_1476.jpg,2448,3264,155,181,130,25,51,14,11,37,48,76
test_1477.jpg,3120,4160,172,210,168,4,42,2,2,40,42,46
test_1478.jpg,1920,2560,129,143,125,4,18,4,0,14,14,22
test_1479.jpg,2340,4160,135,160,123,12,37,8,4,29,33,49
test_148.jpg,3264,2448,102,127,102,0,25,0,0,25,25,25
test_1480.jpg,4096,2304,111,124,99,12,25,3,9,22,31,37
test_1481.jpg,1920,2560,130,132,126,4,6,1,3,5,8,10
test_1482.jpg,2336,4160,201,208,187,14,21,8,6,13,19,35
test_1483.jpg,3264,2448,158,199,145,13,54,9,4,45,49,67
test_1484.jpg,4128,3096,238,361,158,80,203,37,43,166,209,283
test_1485.jpg,1920,2560,190,206,190,0,16,0,0,16,16,16
test_1486.jpg,1920,2560,124,154,123,1,31,0,1,31,32,32
test_1487.jpg,2448,3264,147,173,97,50,76,9,41,67,108,126
test_1488.jpg,2336,4160,122,134,118,4,16,2,2,14,16,20
test_1489.jpg,2448,3264,178,197,171,7,26,5,2,21,23,33
test_149.jpg,1920,2560,136,159,136,0,23,0,0,23,23,23
test_1490.jpg,3120,4160,140,150,138,2,12,1,1,11,12,14
test_1491.jpg,2448,3264,177,165,142,35,23,18,17,5,22,58
test_1492.jpg,2448,3264,132,137,116,16,21,4,12,17,29,37
test_1493.jpg,2336,4160,111,126,89,22,37,13,9,24,33,59
test_1494.jpg,2336,4160,120,141,113,7,28,5,2,23,25,35
test_1495.jpg,1920,2560,156,151,148,8,3,0,8,3,11,11
test_1496.jpg,3120,4160,243,281,241,2,40,2,0,38,38,42
test_1497.jpg,2448,3264,135,167,135,0,32,0,0,32,32,32
test_1498.jpg,2448,3264,103,117,91,12,26,2,10,24,34,38
test_1499.jpg,2448,3264,119,126,116,3,10,1,2,9,11,13
test_15.jpg,2448,3264,123,127,111,12,16,6,6,10,16,28
test_150.jpg,3264,2448,198,154,141,57,13,2,55,11,66,70
test_1500.jpg,2340,4160,129,132,116,13,16,5,8,11,19,29
test_1501.jpg,1920,2560,143,155,140,3,15,1,2,14,16,18
test_1502.jpg,2340,4160,138,167,133,5,34,5,0,29,29,39
test_1503.jpg,2448,3264,111,122,105,6,17,4,2,13,15,23
test_1504.jpg,2448,3264,114,273,113,1,160,1,0,159,159,161
test_1505.jpg,3120,4160,255,336,213,42,123,23,19,100,119,165
test_1506.jpg,2448,3264,229,292,225,4,67,3,1,64,65,71
test_1507.jpg,4128,3096,192,203,192,0,11,0,0,11,11,11
test_1508.jpg,2448,3264,118,126,108,10,18,6,4,12,16,28
test_1509.jpg,2336,4160,139,138,108,31,30,14,17,16,33,61
test_151.jpg,2448,3264,145,166,137,8,29,3,5,26,31,37
test_1510.jpg,2336,4160,121,136,120,1,16,1,0,15,15,17
test_1511.jpg,3264,2448,134,171,112,22,59,4,18,55,73,81
test_1512.jpg,2336,4160,158,211,131,27,80,8,19,72,91,107
test_1513.jpg,1936,2592,303,338,289,14,49,1,13,48,61,63
test_1514.jpg,2448,3264,174,209,166,8,43,4,4,39,43,51
test_1515.jpg,2560,1920,126,137,125,1,12,0,1,12,13,13
test_1516.jpg,2560,1920,108,127,107,1,20,0,1,20,21,21
test_1517.jpg,2336,4160,145,177,104,41,73,22,19,51,70,114
test_1518.jpg,2448,3264,165,180,160,5,20,1,4,19,23,25
test_1519.jpg,3024,3024,170,183,156,14,27,4,10,23,33,41
test_152.jpg,2448,3264,126,130,122,4,8,1,3,7,10,12
test_1520.jpg,2448,3264,146,146,132,14,14,5,9,9,18,28
test_1521.jpg,2448,3264,69,125,58,11,67,5,6,62,68,78
test_1522.jpg,1920,2560,168,184,155,13,29,8,5,21,26,42
test_1523.jpg,1920,2560,134,145,132,2,13,1,1,12,13,15
test_1524.jpg,2448,3264,130,111,85,45,26,2,43,24,67,71
test_1525.jpg,1920,2560,150,156,143,7,13,3,4,10,14,20
test_1526.jpg,2448,3264,155,164,151,4,13,0,4,13,17,17
test_1527.jpg,3264,2448,205,208,170,35,38,8,27,30,57,73
test_1528.jpg,2340,4160,176,183,167,9,16,2,7,14,21,25
test_1529.jpg,3120,4160,204,143,129,75,14,3,72,11,83,89
test_153.jpg,2336,4160,135,155,130,5,25,3,2,22,24,30
test_1530.jpg,2336,4160,106,130,103,3,27,3,0,24,24,30
test_1531.jpg,2304,4096,135,140,131,4,9,2,2,7,9,13
test_1532.jpg,1920,2560,116,132,111,5,21,2,3,19,22,26
test_1533.jpg,1920,2560,119,129,114,5,15,5,0,10,10,20
test_1534.jpg,2448,3264,155,159,149,6,10,1,5,9,14,16
test_1535.jpg,3120,4160,98,147,97,1,50,1,0,49,49,51
test_1536.jpg,2336,4160,162,201,145,17,56,11,6,45,51,73
test_1537.jpg,2448,3264,147,146,131,16,15,4,12,11,23,31
test_1538.jpg,2448,3264,131,156,125,6,31,5,1,26,27,37
test_1539.jpg,2160,3840,148,141,122,26,19,10,16,9,25,45
test_154.jpg,2340,4160,123,125,120,3,5,2,1,3,4,8
test_1540.jpg,2448,3264,104,259,104,0,155,0,0,155,155,155
test_1541.jpg,2448,3264,138,153,125,13,28,5,8,23,31,41
test_1542.jpg,2340,4160,209,210,198,11,12,6,5,6,11,23
test_1543.jpg,2340,4160,164,179,157,7,22,5,2,17,19,29
test_1544.jpg,2448,3264,98,200,96,2,104,2,0,102,102,106
test_1545.jpg,2336,4160,132,154,129,3,25,2,1,23,24,28
test_1546.jpg,2448,3264,109,142,107,2,35,1,1,34,35,37
test_1547.jpg,3264,2448,191,272,181,10,91,5,5,86,91,101
test_1548.jpg,3120,4160,256,259,210,46,49,20,26,29,55,95
test_1549.jpg,3264,2448,161,175,152,9,23,2,7,21,28,32
test_155.jpg,4160,3120,130,138,128,2,10,1,1,9,10,12
test_1550.jpg,3264,2448,171,171,142,29,29,0,29,29,58,58
test_1551.jpg,2448,3264,205,237,198,7,39,4,3,35,38,46
test_1552.jpg,1920,2560,119,138,95,24,43,10,14,33,47,67
test_1553.jpg,2448,3264,212,276,200,12,76,7,5,69,74,88
test_1554.jpg,1920,2560,145,167,140,5,27,5,0,22,22,32
test_1555.jpg,2560,1920,148,187,143,5,44,2,3,42,45,49
test_1556.jpg,1920,2560,128,135,126,2,9,1,1,8,9,11
test_1557.jpg,2448,3264,162,169,154,8,15,4,4,11,15,23
test_1558.jpg,2448,3264,180,181,169,11,12,2,9,10,19,23
test_1559.jpg,2336,4160,112,126,105,7,21,6,1,15,16,28
test_156.jpg,1920,2560,106,124,105,1,19,1,0,18,18,20
test_1560.jpg,1920,2560,120,136,113,7,23,2,5,21,26,30
test_1561.jpg,2336,4160,177,191,175,2,16,1,1,15,16,18
test_1562.jpg,1920,2560,127,131,111,16,20,2,14,18,32,36
test_1563.jpg,3264,2448,177,146,137,40,9,2,38,7,45,49
test_1564.jpg,2340,4160,96,98,79,17,19,5,12,14,26,36
test_1565.jpg,2448,3264,176,190,169,7,21,0,7,21,28,28
test_1566.jpg,1920,2560,163,170,141,22,29,7,15,22,37,51
test_1567.jpg,2448,3264,165,178,140,25,38,13,12,25,37,63
test_1568.jpg,2448,3264,176,187,170,6,17,4,2,13,15,23
test_1569.jpg,4160,2336,178,187,120,58,67,13,45,54,99,125
test_157.jpg,2448,3264,137,156,128,9,28,8,1,20,21,37
test_1570.jpg,3264,2448,209,222,208,1,14,0,1,14,15,15
test_1571.jpg,2340,4160,142,147,132,10,15,8,2,7,9,25
test_1572.jpg,2336,4160,142,162,141,1,21,1,0,20,20,22
test_1573.jpg,3264,2448,176,515,164,12,351,8,4,343,347,363
test_1574.jpg,1920,2560,143,174,132,11,42,10,1,32,33,53
test_1575.jpg,1920,2560,191,244,182,9,62,7,2,55,57,71
test_1576.jpg,1920,2560,149,195,145,4,50,3,1,47,48,54
test_1577.jpg,2448,3264,160,143,124,36,19,2,34,17,51,55
test_1578.jpg,2448,3264,125,131,109,16,22,5,11,17,28,38
test_1579.jpg,2448,3264,132,170,121,11,49,2,9,47,56,60
test_158.jpg,2448,3264,136,201,126,10,75,5,5,70,75,85
test_1580.jpg,2448,3264,135,157,119,16,38,6,10,32,42,54
test_1581.jpg,2340,4160,136,139,122,14,17,3,11,14,25,31
test_1582.jpg,2448,3264,132,308,112,20,196,1,19,195,214,216
test_1583.jpg,1920,2560,170,182,169,1,13,0,1,13,14,14
test_1584.jpg,2448,3264,165,227,154,11,73,6,5,67,72,84
test_1585.jpg,2448,3264,147,145,129,18,16,3,15,13,28,34
test_1586.jpg,2448,3264,129,120,100,29,20,4,25,16,41,49
test_1587.jpg,1920,2560,143,149,142,1,7,0,1,7,8,8
test_1588.jpg,2336,4160,164,167,164,0,3,0,0,3,3,3
test_1589.jpg,2448,3264,128,160,123,5,37,5,0,32,32,42
test_159.jpg,2448,3264,140,163,121,19,42,11,8,31,39,61
test_1590.jpg,2340,4160,122,139,121,1,18,1,0,17,17,19
test_1591.jpg,2448,3264,145,151,113,32,38,19,13,19,32,70
test_1592.jpg,2340,4160,156,172,146,10,26,7,3,19,22,36
test_1593.jpg,1920,2560,123,135,119,4,16,3,1,13,14,20
test_1594.jpg,3104,4192,109,102,89,20,13,4,16,9,25,33
test_1595.jpg,2560,1920,159,189,157,2,32,2,0,30,30,34
test_1596.jpg,2448,3264,118,147,112,6,35,5,1,30,31,41
test_1597.jpg,2448,3264,124,134,112,12,22,4,8,18,26,34
test_1599.jpg,2304,4096,109,135,109,0,26,0,0,26,26,26
test_16.jpg,2448,3264,68,196,54,14,142,12,2,130,132,156
test_160.jpg,3264,2448,115,159,100,15,59,11,4,48,52,74
test_1600.jpg,2340,4160,148,171,141,7,30,2,5,28,33,37
test_1601.jpg,3264,2448,189,152,140,49,12,2,47,10,57,61
test_1602.jpg,3024,3024,152,169,147,5,22,3,2,19,21,27
test_1603.jpg,2448,3264,118,146,114,4,32,3,1,29,30,36
test_1604.jpg,3120,4160,136,144,132,4,12,2,2,10,12,16
test_1605.jpg,2336,4160,117,129,116,1,13,1,0,12,12,14
test_1606.jpg,2448,3264,128,132,124,4,8,0,4,8,12,12
test_1607.jpg,1920,2560,204,228,163,41,65,17,24,48,72,106
test_1608.jpg,1920,2560,180,180,164,16,16,2,14,14,28,32
test_1609.jpg,2448,3264,121,125,100,21,25,5,16,20,36,46
test_161.jpg,2340,4160,122,138,112,10,26,5,5,21,26,36
test_1610.jpg,1920,2560,163,188,156,7,32,3,4,29,33,39
test_1611.jpg,3024,3024,180,192,175,5,17,1,4,16,20,22
test_1612.jpg,2448,3264,120,134,117,3,17,1,2,16,18,20
test_1613.jpg,3024,4032,136,161,136,0,25,0,0,25,25,25
test_1614.jpg,2336,4160,136,154,115,21,39,10,11,29,40,60
test_1615.jpg,3024,3024,296,365,250,46,115,23,23,92,115,161
test_1616.jpg,2448,3264,128,141,127,1,14,0,1,14,15,15
test_1617.jpg,2448,3264,84,135,60,24,75,0,24,75,99,99
test_1618.jpg,2448,3264,168,193,155,13,38,6,7,32,39,51
test_1619.jpg,2336,4160,106,121,96,10,25,8,2,17,19,35
test_162.jpg,1920,2560,141,172,141,0,31,0,0,31,31,31
test_1620.jpg,2448,3264,138,163,137,1,26,0,1,26,27,27
test_1621.jpg,2448,3264,135,158,133,2,25,0,2,25,27,27
test_1622.jpg,2560,1920,271,288,211,60,77,20,40,57,97,137
test_1623.jpg,2560,1920,278,297,244,34,53,9,25,44,69,87
test_1624.jpg,3264,2448,126,134,109,17,25,2,15,23,38,42
test_1625.jpg,3264,2448,140,159,136,4,23,3,1,20,21,27
test_1626.jpg,2448,3264,249,295,232,17,63,16,1,47,48,80
test_1627.jpg,2340,4160,135,170,130,5,40,3,2,37,39,45
test_1628.jpg,2160,3840,166,149,138,28,11,2,26,9,35,39
test_1629.jpg,1920,2560,132,158,130,2,28,2,0,26,26,30
test_163.jpg,2160,3840,189,194,184,5,10,3,2,7,9,15
test_1630.jpg,1920,2560,159,174,155,4,19,0,4,19,23,23
test_1631.jpg,2448,3264,136,136,122,14,14,4,10,10,20,28
test_1632.jpg,1920,2560,147,185,146,1,39,0,1,39,40,40
test_1633.jpg,2592,4608,173,169,148,25,21,5,20,16,36,46
test_1634.jpg,2448,3264,122,155,122,0,33,0,0,33,33,33
test_1635.jpg,2448,3264,172,184,156,16,28,6,10,22,32,44
test_1636.jpg,2448,3264,119,131,113,6,18,2,4,16,20,24
test_1637.jpg,2592,4608,123,134,114,9,20,3,6,17,23,29
test_1638.jpg,2448,3264,125,142,119,6,23,3,3,20,23,29
test_1639.jpg,1920,2560,139,143,134,5,9,1,4,8,12,14
test_164.jpg,2336,4160,154,198,147,7,51,3,4,48,52,58
test_1640.jpg,2336,4160,117,116,105,12,11,5,7,6,13,23
test_1641.jpg,2448,3264,130,138,113,17,25,6,11,19,30,42
test_1642.jpg,3264,2448,289,293,273,16,20,1,15,19,34,36
test_1643.jpg,1920,2560,149,144,135,14,9,3,11,6,17,23
test_1644.jpg,4160,2336,131,139,127,4,12,0,4,12,16,16
test_1645.jpg,2448,3264,197,210,153,44,57,5,39,52,91,101
test_1646.jpg,2560,1920,133,141,120,13,21,5,8,16,24,34
test_1647.jpg,2448,3264,152,166,137,15,29,6,9,23,32,44
test_1648.jpg,2340,4160,143,171,138,5,33,1,4,32,36,38
test_1649.jpg,2448,3264,135,149,127,8,22,1,7,21,28,30
test_165.jpg,3264,2448,181,193,180,1,13,1,0,12,12,14
test_1650.jpg,2336,4160,162,176,159,3,17,2,1,15,16,20
test_1651.jpg,1920,2560,174,193,90,84,103,33,51,70,121,187
test_1652.jpg,2448,3264,145,168,135,10,33,2,8,31,39,43
test_1653.jpg,1920,2560,166,197,131,35,66,27,8,39,47,101
test_1654.jpg,2448,3264,112,157,89,23,68,17,6,51,57,91
test_1656.jpg,2448,3264,137,164,132,5,32,4,1,28,29,37
test_1657.jpg,2448,3264,245,208,176,69,32,12,57,20,77,101
test_1658.jpg,2448,3264,147,180,147,0,33,0,0,33,33,33
test_1659.jpg,2336,4160,132,152,112,20,40,16,4,24,28,60
test_166.jpg,2448,3264,126,241,97,29,144,22,7,122,129,173
test_1660.jpg,1920,2560,148,130,109,39,21,2,37,19,56,60
test_1661.jpg,2448,3264,163,198,135,28,63,17,11,46,57,91
test_1662.jpg,2560,1920,183,208,181,2,27,0,2,27,29,29
test_1663.jpg,2448,3264,158,178,156,2,22,1,1,21,22,24
test_1664.jpg,1920,2560,118,148,115,3,33,2,1,31,32,36
test_1665.jpg,3096,4128,145,163,137,8,26,2,6,24,30,34
test_1666.jpg,2336,4160,91,141,83,8,58,8,0,50,50,66
test_1667.jpg,2448,3264,121,131,118,3,13,0,3,13,16,16
test_1668.jpg,2340,4160,162,189,142,20,47,11,9,36,45,67
test_1669.jpg,2592,1936,149,162,142,7,20,2,5,18,23,27
test_167.jpg,1920,2560,183,241,98,85,143,57,28,86,114,228
test_1670.jpg,2988,5312,153,161,96,57,65,20,37,45,82,122
test_1671.jpg,2448,3264,120,141,115,5,26,3,2,23,25,31
test_1672.jpg,2448,3264,53,108,48,5,60,4,1,56,57,65
test_1673.jpg,1920,2560,148,172,146,2,26,1,1,25,26,28
test_1674.jpg,3264,2448,173,194,160,13,34,8,5,26,31,47
test_1675.jpg,1920,2560,124,138,116,8,22,0,8,22,30,30
test_1676.jpg,2448,3264,186,193,186,0,7,0,0,7,7,7
test_1677.jpg,1920,2560,196,319,185,11,134,6,5,128,133,145
test_1678.jpg,2448,3264,116,155,115,1,40,1,0,39,39,41
test_1679.jpg,2448,3264,132,147,123,9,24,3,6,21,27,33
test_168.jpg,2448,3264,178,206,164,14,42,12,2,30,32,56
test_1680.jpg,2560,1920,151,178,149,2,29,2,0,27,27,31
test_1681.jpg,2448,3264,197,210,179,18,31,6,12,25,37,49
test_1682.jpg,2448,3264,188,252,181,7,71,4,3,67,70,78
test_1683.jpg,1920,2560,180,224,156,24,68,10,14,58,72,92
test_1684.jpg,3264,2448,244,265,232,12,33,7,5,26,31,45
test_1685.jpg,2448,3264,140,161,139,1,22,1,0,21,21,23
test_1686.jpg,2448,3264,113,150,110,3,40,1,2,39,41,43
test_1687.jpg,1920,2560,136,153,132,4,21,3,1,18,19,25
test_1688.jpg,1920,2560,142,166,142,0,24,0,0,24,24,24
test_1689.jpg,2160,3840,110,138,97,13,41,10,3,31,34,54
test_169.jpg,2448,3264,200,237,190,10,47,6,4,41,45,57
test_1690.jpg,1920,2560,151,165,148,3,17,3,0,14,14,20
test_1691.jpg,1920,2560,131,175,130,1,45,1,0,44,44,46
test_1692.jpg,2592,4608,274,279,256,18,23,3,15,20,35,41
test_1693.jpg,2448,3264,151,187,143,8,44,7,1,37,38,52
test_1694.jpg,1920,2560,178,263,159,19,104,13,6,91,97,123
test_1695.jpg,3264,2448,124,119,100,24,19,3,21,16,37,43
test_1696.jpg,2448,3264,140,150,127,13,23,4,9,19,28,36
test_1697.jpg,2448,3264,143,162,141,2,21,0,2,21,23,23
test_1698.jpg,3120,4160,313,307,279,34,28,1,33,27,60,62
test_1699.jpg,4208,3120,123,124,104,19,20,4,15,16,31,39
test_17.jpg,2448,3264,206,254,197,9,57,5,4,52,56,66
test_170.jpg,3264,2448,190,206,190,0,16,0,0,16,16,16
test_1700.jpg,2448,3264,138,145,134,4,11,3,1,8,9,15
test_1701.jpg,2340,4160,138,153,131,7,22,5,2,17,19,29
test_1702.jpg,2448,3264,82,78,63,19,15,1,18,14,32,34
test_1703.jpg,2560,1920,110,118,110,0,8,0,0,8,8,8
test_1704.jpg,1920,2560,133,158,131,2,27,2,0,25,25,29
test_1705.jpg,2448,3264,200,165,125,75,40,8,67,32,99,115
test_1706.jpg,2448,3264,163,166,163,0,3,0,0,3,3,3
test_1707.jpg,2336,4160,155,167,146,9,21,5,4,16,20,30
test_1708.jpg,3096,4128,173,186,169,4,17,3,1,14,15,21
test_1709.jpg,1920,2560,129,134,119,10,15,2,8,13,21,25
test_171.jpg,3120,4160,225,238,184,41,54,19,22,35,57,95
test_1710.jpg,2448,3264,302,347,242,60,105,16,44,89,133,165
test_1711.jpg,2448,3264,129,139,117,12,22,7,5,15,20,34
test_1712.jpg,2448,3264,170,182,156,14,26,6,8,20,28,40
test_1713.jpg,2448,3264,120,131,99,21,32,6,15,26,41,53
test_1714.jpg,1920,2560,122,132,120,2,12,0,2,12,14,14
test_1715.jpg,2340,4160,152,158,142,10,16,4,6,12,18,26
test_1716.jpg,3264,2448,171,168,136,35,32,7,28,25,53,67
test_1717.jpg,2448,3264,154,172,139,15,33,8,7,25,32,48
test_1718.jpg,2448,3264,150,273,122,28,151,20,8,131,139,179
test_1719.jpg,2448,3264,131,159,127,4,32,1,3,31,34,36
test_172.jpg,2448,3264,185,205,166,19,39,16,3,23,26,58
test_1720.jpg,2448,3264,92,128,87,5,41,3,2,38,40,46
test_1721.jpg,1920,2560,143,172,140,3,32,1,2,31,33,35
test_1722.jpg,2448,3264,116,121,114,2,7,0,2,7,9,9
test_1723.jpg,1920,2560,115,128,104,11,24,5,6,19,25,35
test_1724.jpg,1920,2560,123,157,122,1,35,1,0,34,34,36
test_1725.jpg,2448,3264,101,93,52,49,41,11,38,30,68,90
test_1726.jpg,2336,4160,175,191,167,8,24,4,4,20,24,32
test_1727.jpg,2448,3264,115,139,87,28,52,7,21,45,66,80
test_1728.jpg,1920,2560,184,184,178,6,6,1,5,5,10,12
test_1729.jpg,2448,3264,315,317,304,11,13,4,7,9,16,24
test_173.jpg,2448,3264,122,138,122,0,16,0,0,16,16,16
test_1730.jpg,2448,3264,116,132,108,8,24,1,7,23,30,32
test_1731.jpg,2336,4160,124,183,114,10,69,6,4,63,67,79
test_1732.jpg,2448,3264,113,125,112,1,13,1,0,12,12,14
test_1733.jpg,2336,4160,132,141,132,0,9,0,0,9,9,9
test_1734.jpg,2448,3264,117,141,104,13,37,8,5,29,34,50
test_1735.jpg,2448,3264,130,146,129,1,17,1,0,16,16,18
test_1736.jpg,2448,3264,266,281,254,12,27,3,9,24,33,39
test_1737.jpg,2448,3264,130,141,119,11,22,4,7,18,25,33
test_1738.jpg,2448,3264,131,138,112,19,26,7,12,19,31,45
test_1739.jpg,2448,3264,124,143,124,0,19,0,0,19,19,19
test_174.jpg,2448,3264,119,134,118,1,16,0,1,16,17,17
test_1740.jpg,2448,3264,118,128,115,3,13,1,2,12,14,16
test_1741.jpg,1920,2560,163,180,160,3,20,2,1,18,19,23
test_1742.jpg,2448,3264,122,145,120,2,25,0,2,25,27,27
test_1743.jpg,3120,4208,197,214,192,5,22,1,4,21,25,27
test_1744.jpg,2336,4160,137,148,127,10,21,5,5,16,21,31
test_1745.jpg,2448,3264,115,315,86,29,229,13,16,216,232,258
test_1746.jpg,1920,2560,131,151,109,22,42,9,13,33,46,64
test_1747.jpg,2448,3264,124,155,112,12,43,5,7,38,45,55
test_1748.jpg,2448,3264,131,136,121,10,15,5,5,10,15,25
test_1749.jpg,2448,3264,197,230,158,39,72,12,27,60,87,111
test_175.jpg,2448,3264,198,183,177,21,6,2,19,4,23,27
test_1750.jpg,2448,3264,114,124,104,10,20,6,4,14,18,30
test_1751.jpg,2448,3264,90,186,82,8,104,3,5,101,106,112
test_1752.jpg,2448,3264,126,135,126,0,9,0,0,9,9,9
test_1753.jpg,2448,3264,165,176,152,13,24,7,6,17,23,37
test_1754.jpg,3024,4032,124,125,104,20,21,11,9,10,19,41
test_1755.jpg,2336,4160,226,236,223,3,13,1,2,12,14,16
test_1756.jpg,2448,3264,120,136,116,4,20,4,0,16,16,24
test_1757.jpg,2448,3264,128,142,126,2,16,2,0,14,14,18
test_1758.jpg,2448,3264,248,281,234,14,47,6,8,41,49,61
test_1759.jpg,2448,3264,170,195,162,8,33,3,5,30,35,41
test_176.jpg,3264,2448,374,376,318,56,58,31,25,27,52,114
test_1760.jpg,1920,2560,121,134,118,3,16,0,3,16,19,19
test_1761.jpg,2448,3264,128,139,122,6,17,4,2,13,15,23
test_1762.jpg,3264,2448,94,106,77,17,29,9,8,20,28,46
test_1763.jpg,2340,4160,137,149,127,10,22,7,3,15,18,32
test_1764.jpg,2592,4608,124,131,119,5,12,2,3,10,13,17
test_1765.jpg,4160,2336,132,172,116,16,56,13,3,43,46,72
test_1766.jpg,1920,2560,153,167,153,0,14,0,0,14,14,14
test_1767.jpg,2448,3264,117,128,117,0,11,0,0,11,11,11
test_1768.jpg,2560,1920,248,283,219,29,64,12,17,52,69,93
test_1769.jpg,2448,3264,142,156,131,11,25,6,5,19,24,36
test_177.jpg,1920,2560,124,130,124,0,6,0,0,6,6,6
test_1770.jpg,2448,3264,198,140,86,112,54,12,100,42,142,166
test_1771.jpg,2448,3264,60,25,22,38,3,0,38,3,41,41
test_1772.jpg,2448,3264,136,82,46,90,36,24,66,12,78,126
test_1773.jpg,2340,4160,128,153,117,11,36,5,6,31,37,47
test_1774.jpg,2336,4160,120,129,117,3,12,3,0,9,9,15
test_1775.jpg,2160,3840,137,152,126,11,26,2,9,24,33,37
test_1776.jpg,1920,2560,128,294,120,8,174,8,0,166,166,182
test_1777.jpg,2448,3264,169,190,145,24,45,7,17,38,55,69
test_1778.jpg,3120,4208,106,115,104,2,11,2,0,9,9,13
test_1779.jpg,2448,3264,150,173,142,8,31,5,3,26,29,39
test_1780.jpg,3024,4032,236,292,218,18,74,13,5,61,66,92
test_1781.jpg,1920,2560,131,149,111,20,38,8,12,30,42,58
test_1782.jpg,3264,2448,130,152,123,7,29,3,4,26,30,36
test_1783.jpg,2448,3264,152,156,136,16,20,5,11,15,26,36
test_1784.jpg,2340,4160,147,144,118,29,26,8,21,18,39,55
test_1785.jpg,2448,3264,118,131,110,8,21,3,5,18,23,29
test_1786.jpg,3264,2448,238,246,230,8,16,2,6,14,20,24
test_1787.jpg,2448,3264,137,147,124,13,23,6,7,17,24,36
test_1788.jpg,2448,3264,118,137,112,6,25,2,4,23,27,31
test_1789.jpg,1920,2560,127,161,125,2,36,1,1,35,36,38
test_179.jpg,2448,3264,114,136,78,36,58,6,30,52,82,94
test_1790.jpg,2340,4160,166,164,140,26,24,10,16,14,30,50
test_1791.jpg,2560,1920,157,177,117,40,60,13,27,47,74,100
test_1792.jpg,2340,4160,125,147,111,14,36,3,11,33,44,50
test_1793.jpg,2336,4160,155,157,136,19,21,5,14,16,30,40
test_1794.jpg,2340,4160,122,150,115,7,35,7,0,28,28,42
test_1795.jpg,1920,2560,148,152,141,7,11,3,4,8,12,18
test_1797.jpg,2340,4160,143,134,126,17,8,7,10,1,11,25
test_1798.jpg,1920,2560,145,178,145,0,33,0,0,33,33,33
test_1799.jpg,2336,4160,142,146,132,10,14,4,6,10,16,24
test_18.jpg,2340,4160,121,152,115,6,37,3,3,34,37,43
test_180.jpg,2336,4160,110,124,99,11,25,3,8,22,30,36
test_1800.jpg,2448,3264,113,120,102,11,18,4,7,14,21,29
test_1801.jpg,2560,1920,153,138,128,25,10,1,24,9,33,35
test_1802.jpg,3024,4032,212,255,192,20,63,14,6,49,55,83
test_1803.jpg,2448,3264,178,212,148,30,64,18,12,46,58,94
test_1804.jpg,2268,4032,132,127,99,33,28,9,24,19,43,61
test_1805.jpg,3096,4128,136,198,118,18,80,17,1,63,64,98
test_1806.jpg,2560,1920,123,153,112,11,41,3,8,38,46,52
test_1807.jpg,2448,3264,124,155,109,15,46,10,5,36,41,61
test_1808.jpg,1920,2560,193,236,172,21,64,5,16,59,75,85
test_1809.jpg,3120,4160,162,290,137,25,153,16,9,137,146,178
test_181.jpg,2560,1920,137,138,131,6,7,1,5,6,11,13
test_1810.jpg,2336,4160,129,144,127,2,17,2,0,15,15,19
test_1811.jpg,2448,3264,151,161,140,11,21,4,7,17,24,32
test_1812.jpg,2448,3264,169,188,168,1,20,0,1,20,21,21
test_1813.jpg,2448,3264,145,154,139,6,15,0,6,15,21,21
test_1814.jpg,2336,4160,129,156,125,4,31,4,0,27,27,35
test_1815.jpg,2448,3264,161,158,126,35,32,6,29,26,55,67
test_1816.jpg,2448,3264,115,148,114,1,34,1,0,33,33,35
test_1817.jpg,2448,3264,151,168,150,1,18,0,1,18,19,19
test_1818.jpg,2336,4160,166,174,146,20,28,12,8,16,24,48
test_1819.jpg,2336,4160,117,122,108,9,14,4,5,10,15,23
test_182.jpg,2448,3264,124,151,119,5,32,3,2,29,31,37
test_1820.jpg,2448,3264,135,156,133,2,23,1,1,22,23,25
test_1821.jpg,2592,4608,129,147,124,5,23,4,1,19,20,28
test_1822.jpg,2560,1920,172,194,165,7,29,4,3,25,28,36
test_1823.jpg,2448,3264,134,141,119,15,22,5,10,17,27,37
test_1824.jpg,2448,3264,141,150,129,12,21,2,10,19,29,33
test_1825.jpg,1920,2560,128,152,128,0,24,0,0,24,24,24
test_1826.jpg,2448,3264,149,245,117,32,128,23,9,105,114,160
test_1827.jpg,2448,3264,161,168,142,19,26,8,11,18,29,45
test_1828.jpg,2340,4160,120,126,115,5,11,3,2,8,10,16
test_1829.jpg,2448,3264,117,150,115,2,35,1,1,34,35,37
test_183.jpg,1920,2560,164,178,158,6,20,2,4,18,22,26
test_1830.jpg,2336,4160,137,159,132,5,27,1,4,26,30,32
test_1831.jpg,480,640,119,148,109,10,39,3,7,36,43,49
test_1832.jpg,2448,3264,127,149,107,20,42,8,12,34,46,62
test_1833.jpg,4160,2340,113,137,95,18,42,12,6,30,36,60
test_1834.jpg,2448,3264,169,224,167,2,57,2,0,55,55,59
test_1835.jpg,2448,3264,98,141,87,11,54,4,7,50,57,65
test_1836.jpg,1920,2560,113,141,104,9,37,9,0,28,28,46
test_1837.jpg,2448,3264,128,151,126,2,25,2,0,23,23,27
test_1838.jpg,1920,2560,108,134,104,4,30,4,0,26,26,34
test_1839.jpg,2340,4160,124,136,119,5,17,2,3,15,18,22
test_184.jpg,1920,2560,154,72,63,91,9,4,87,5,92,100
test_1840.jpg,1920,2560,122,129,122,0,7,0,0,7,7,7
test_1841.jpg,1920,2560,129,182,118,11,64,10,1,54,55,75
test_1842.jpg,1920,2560,138,154,137,1,17,1,0,16,16,18
test_1843.jpg,2448,3264,100,127,100,0,27,0,0,27,27,27
test_1844.jpg,2448,3264,132,134,131,1,3,0,1,3,4,4
test_1845.jpg,2448,3264,116,124,101,15,23,4,11,19,30,38
test_1846.jpg,2560,1920,131,141,130,1,11,0,1,11,12,12
test_1847.jpg,1920,2560,132,147,132,0,15,0,0,15,15,15
test_1848.jpg,2336,4160,209,228,205,4,23,0,4,23,27,27
test_1849.jpg,2448,3264,150,193,119,31,74,17,14,57,71,105
test_185.jpg,2448,3264,144,158,135,9,23,4,5,19,24,32
test_1850.jpg,3264,2448,150,162,150,0,12,0,0,12,12,12
test_1851.jpg,1920,2560,117,131,103,14,28,8,6,20,26,42
test_1852.jpg,1920,2560,165,179,160,5,19,0,5,19,24,24
test_1853.jpg,1920,2560,142,153,137,5,16,0,5,16,21,21
test_1854.jpg,1920,2560,123,142,108,15,34,7,8,27,35,49
test_1855.jpg,2336,4160,119,164,68,51,96,39,12,57,69,147
test_1856.jpg,3264,2448,115,121,114,1,7,0,1,7,8,8
test_1857.jpg,2448,3264,119,133,109,10,24,4,6,20,26,34
test_1858.jpg,2448,3264,125,194,113,12,81,5,7,76,83,93
test_1859.jpg,2340,4160,140,169,125,15,44,10,5,34,39,59
test_186.jpg,3024,4032,370,386,353,17,33,6,11,27,38,50
test_1860.jpg,2160,3840,132,150,121,11,29,6,5,23,28,40
test_1861.jpg,3120,4160,222,394,164,58,230,40,18,190,208,288
test_1862.jpg,2592,4608,173,182,162,11,20,3,8,17,25,31
test_1863.jpg,2560,1920,201,233,193,8,40,4,4,36,40,48
test_1864.jpg,2340,4160,124,123,109,15,14,6,9,8,17,29
test_1865.jpg,2448,3264,110,108,85,25,23,6,19,17,36,48
test_1866.jpg,1920,2560,121,130,121,0,9,0,0,9,9,9
test_1867.jpg,2448,3264,217,236,206,11,30,5,6,25,31,41
test_1868.jpg,1936,2592,271,314,258,13,56,9,4,47,51,69
test_1869.jpg,2560,1920,124,129,123,1,6,1,0,5,5,7
test_187.jpg,2448,3264,245,149,147,98,2,1,97,1,98,100
test_1870.jpg,2448,3264,136,159,129,7,30,5,2,25,27,37
test_1871.jpg,3120,4160,175,188,165,10,23,4,6,19,25,33
test_1872.jpg,1920,2560,127,157,123,4,34,4,0,30,30,38
test_1873.jpg,1920,2560,148,157,136,12,21,6,6,15,21,33
test_1874.jpg,2448,3264,228,166,137,91,29,8,83,21,104,120
test_1875.jpg,2448,3264,118,127,110,8,17,1,7,16,23,25
test_1876.jpg,2448,3264,179,232,158,21,74,7,14,67,81,95
test_1877.jpg,2448,3264,128,162,125,3,37,1,2,36,38,40
test_1878.jpg,2448,3264,115,126,98,17,28,11,6,17,23,45
test_1879.jpg,2448,3264,172,189,154,18,35,10,8,25,33,53
test_188.jpg,2448,3264,133,153,128,5,25,1,4,24,28,30
test_1880.jpg,2448,3264,122,129,113,9,16,4,5,12,17,25
test_1881.jpg,2448,3264,117,140,103,14,37,8,6,29,35,51
test_1882.jpg,2336,4160,197,229,188,9,41,5,4,36,40,50
test_1883.jpg,2592,4608,118,142,104,14,38,7,7,31,38,52
test_1884.jpg,2448,3264,93,223,70,23,153,10,13,143,156,176
test_1885.jpg,2336,4160,128,138,118,10,20,1,9,19,28,30
test_1886.jpg,2448,3264,138,147,134,4,13,2,2,11,13,17
test_1887.jpg,1920,2560,200,214,192,8,22,5,3,17,20,30
test_1888.jpg,2448,3264,115,224,102,13,122,5,8,117,125,135
test_1889.jpg,4160,2336,197,183,177,20,6,1,19,5,24,26
test_189.jpg,2340,4160,128,132,114,14,18,7,7,11,18,32
test_1890.jpg,2448,3264,181,178,149,32,29,9,23,20,43,61
test_1891.jpg,1920,2560,153,164,152,1,12,1,0,11,11,13
test_1892.jpg,2336,4160,153,155,126,27,29,11,16,18,34,56
test_1893.jpg,3264,2448,157,351,156,1,195,1,0,194,194,196
test_1894.jpg,1920,2560,148,183,140,8,43,8,0,35,35,51
test_1895.jpg,2448,3264,128,240,109,19,131,15,4,116,120,150
test_1896.jpg,2448,3264,94,296,86,8,210,4,4,206,210,218
test_1897.jpg,1920,2560,138,147,132,6,15,2,4,13,17,21
test_1898.jpg,1920,2560,140,145,126,14,19,6,8,13,21,33
test_1899.jpg,2340,4160,156,165,150,6,15,3,3,12,15,21
test_19.jpg,2448,3264,151,155,150,1,5,0,1,5,6,6
test_190.jpg,2448,3264,281,318,235,46,83,16,30,67,97,129
test_1900.jpg,2268,4032,140,174,121,19,53,9,10,44,54,72
test_1901.jpg,2448,3264,137,136,115,22,21,7,15,14,29,43
test_1902.jpg,2448,3264,136,154,127,9,27,5,4,22,26,36
test_1903.jpg,1920,2560,133,140,131,2,9,0,2,9,11,11
test_1904.jpg,1920,2560,131,139,129,2,10,1,1,9,10,12
test_1905.jpg,2448,3264,135,142,125,10,17,2,8,15,23,27
test_1906.jpg,2340,4160,116,147,114,2,33,2,0,31,31,35
test_1907.jpg,2448,3264,171,170,123,48,47,19,29,28,57,95
test_1908.jpg,3120,4208,129,129,124,5,5,0,5,5,10,10
test_1909.jpg,2340,4160,153,181,149,4,32,3,1,29,30,36
test_191.jpg,2336,4160,114,146,104,10,42,6,4,36,40,52
test_1910.jpg,3024,3024,119,129,114,5,15,2,3,13,16,20
test_1911.jpg,1920,2560,129,147,125,4,22,1,3,21,24,26
test_1912.jpg,1920,2560,119,122,112,7,10,0,7,10,17,17
test_1913.jpg,2336,4160,153,166,137,16,29,6,10,23,33,45
test_1914.jpg,3120,4208,147,147,127,20,20,9,11,11,22,40
test_1915.jpg,2448,3264,142,160,139,3,21,2,1,19,20,24
test_1916.jpg,2448,3264,143,203,121,22,82,14,8,68,76,104
test_1917.jpg,2448,3264,154,156,151,3,5,0,3,5,8,8
test_1918.jpg,2448,3264,165,166,153,12,13,3,9,10,19,25
test_1919.jpg,1920,2560,123,132,119,4,13,1,3,12,15,17
test_192.jpg,1920,2560,120,126,115,5,11,4,1,7,8,16
test_1920.jpg,2336,4160,131,152,127,4,25,4,0,21,21,29
test_1921.jpg,2336,4160,203,213,180,23,33,8,15,25,40,56
test_1922.jpg,3024,3024,134,159,124,10,35,4,6,31,37,45
test_1923.jpg,1920,2560,121,135,121,0,14,0,0,14,14,14
test_1924.jpg,3120,4160,139,169,136,3,33,3,0,30,30,36
test_1925.jpg,2368,4224,136,145,132,4,13,1,3,12,15,17
test_1926.jpg,2448,3264,185,191,170,15,21,3,12,18,30,36
test_1927.jpg,2592,4608,144,178,129,15,49,3,12,46,58,64
test_1928.jpg,2560,1920,180,201,130,50,71,16,34,55,89,121
test_1929.jpg,1920,2560,163,177,119,44,58,25,19,33,52,102
test_193.jpg,2560,1920,36,29,12,24,17,5,19,12,31,41
test_1930.jpg,2560,1920,132,146,127,5,19,2,3,17,20,24
test_1931.jpg,2448,3264,241,259,211,30,48,13,17,35,52,78
test_1932.jpg,1920,2560,130,204,124,6,80,5,1,75,76,86
test_1933.jpg,2560,1920,127,130,123,4,7,2,2,5,7,11
test_1934.jpg,2340,4160,155,161,139,16,22,6,10,16,26,38
test_1935.jpg,2560,1920,134,138,132,2,6,0,2,6,8,8
test_1936.jpg,1920,2560,147,150,139,8,11,4,4,7,11,19
test_1937.jpg,2340,4160,140,151,118,22,33,13,9,20,29,55
test_1938.jpg,3120,4208,203,188,150,53,38,14,39,24,63,91
test_1939.jpg,2336,4160,140,153,131,9,22,6,3,16,19,31
test_194.jpg,2322,4128,118,133,113,5,20,3,2,17,19,25
test_1940.jpg,1920,2560,159,166,156,3,10,2,1,8,9,13
test_1941.jpg,2448,3264,325,361,325,0,36,0,0,36,36,36
test_1942.jpg,2336,4160,130,134,112,18,22,9,9,13,22,40
test_1943.jpg,3264,2448,117,145,91,26,54,3,23,51,74,80
test_1944.jpg,2336,4160,171,204,166,5,38,4,1,34,35,43
test_1945.jpg,2560,1920,156,205,140,16,65,7,9,58,67,81
test_1946.jpg,2336,4160,155,169,147,8,22,1,7,21,28,30
test_1947.jpg,2336,4160,107,104,94,13,10,2,11,8,19,23
test_1948.jpg,1920,2560,128,186,114,14,72,10,4,62,66,86
test_1949.jpg,2448,3264,116,126,111,5,15,1,4,14,18,20
test_195.jpg,1920,2560,141,175,140,1,35,1,0,34,34,36
test_1950.jpg,2448,3264,184,211,181,3,30,3,0,27,27,33
test_1951.jpg,2448,3264,125,125,98,27,27,9,18,18,36,54
test_1952.jpg,4128,3096,152,304,112,40,192,26,14,166,180,232
test_1953.jpg,2448,3264,170,175,165,5,10,2,3,8,11,15
test_1954.jpg,2448,3264,188,207,186,2,21,2,0,19,19,23
test_1955.jpg,1920,2560,122,143,122,0,21,0,0,21,21,21
test_1956.jpg,2448,3264,221,249,217,4,32,3,1,29,30,36
test_1957.jpg,2336,4160,108,120,70,38,50,5,33,45,78,88
test_1958.jpg,2592,4608,153,151,139,14,12,4,10,8,18,26
test_1959.jpg,2448,3264,187,210,187,0,23,0,0,23,23,23
test_196.jpg,3264,2448,231,242,225,6,17,3,3,14,17,23
test_1960.jpg,2448,3264,139,161,135,4,26,2,2,24,26,30
test_1961.jpg,2560,1920,114,119,114,0,5,0,0,5,5,5
test_1962.jpg,2448,3264,272,270,235,37,35,5,32,30,62,72
test_1963.jpg,2160,3840,162,157,149,13,8,0,13,8,21,21
test_1964.jpg,2448,3264,140,169,113,27,56,15,12,41,53,83
test_1965.jpg,2448,3264,89,149,86,3,63,2,1,61,62,66
test_1966.jpg,2448,3264,357,359,342,15,17,1,14,16,30,32
test_1967.jpg,2448,3264,129,159,126,3,33,2,1,31,32,36
test_1968.jpg,1920,2560,132,153,118,14,35,8,6,27,33,49
test_1969.jpg,2336,4160,177,189,165,12,24,4,8,20,28,36
test_197.jpg,2448,3264,105,151,94,11,57,4,7,53,60,68
test_1970.jpg,2336,4160,183,191,176,7,15,2,5,13,18,22
test_1971.jpg,1920,2560,180,199,171,9,28,5,4,23,27,37
test_1973.jpg,2560,1920,125,127,122,3,5,1,2,4,6,8
test_1974.jpg,1920,2560,171,180,171,0,9,0,0,9,9,9
test_1975.jpg,2448,3264,192,205,176,16,29,9,7,20,27,45
test_1976.jpg,3120,4208,211,232,206,5,26,2,3,24,27,31
test_1977.jpg,1920,2560,187,225,173,14,52,8,6,44,50,66
test_1978.jpg,2448,3264,155,168,147,8,21,3,5,18,23,29
test_1979.jpg,2448,3264,178,233,137,41,96,13,28,83,111,137
test_198.jpg,2448,3264,134,152,130,4,22,1,3,21,24,26
test_1980.jpg,1920,2560,165,171,142,23,29,7,16,22,38,52
test_1981.jpg,2448,3264,144,135,115,29,20,9,20,11,31,49
test_1982.jpg,4128,2322,144,149,134,10,15,2,8,13,21,25
test_1983.jpg,2448,3264,110,160,107,3,53,3,0,50,50,56
test_1984.jpg,2560,1920,133,145,131,2,14,2,0,12,12,16
test_1985.jpg,2448,3264,136,146,136,0,10,0,0,10,10,10
test_1986.jpg,2448,3264,127,140,126,1,14,1,0,13,13,15
test_1987.jpg,2448,3264,127,151,126,1,25,0,1,25,26,26
test_1988.jpg,2448,3264,135,150,124,11,26,4,7,22,29,37
test_1989.jpg,2336,4160,116,124,111,5,13,0,5,13,18,18
test_199.jpg,2336,4160,163,179,161,2,18,0,2,18,20,20
test_1990.jpg,1920,2560,138,144,131,7,13,3,4,10,14,20
test_1991.jpg,3264,2448,63,179,63,0,116,0,0,116,116,116
test_1992.jpg,3120,4160,246,272,229,17,43,7,10,36,46,60
test_1993.jpg,2160,3840,154,174,150,4,24,1,3,23,26,28
test_1994.jpg,2336,4160,127,149,124,3,25,2,1,23,24,28
test_1995.jpg,2448,3264,195,201,172,23,29,5,18,24,42,52
test_1996.jpg,3120,4208,133,143,129,4,14,2,2,12,14,18
test_1997.jpg,1920,2560,140,155,140,0,15,0,0,15,15,15
test_1998.jpg,2448,3264,152,173,152,0,21,0,0,21,21,21
test_1999.jpg,2448,3264,176,205,144,32,61,21,11,40,51,93
test_2.jpg,1920,2560,117,125,117,0,8,0,0,8,8,8
test_20.jpg,3024,3024,132,146,132,0,14,0,0,14,14,14
test_200.jpg,2448,3264,148,160,139,9,21,7,2,14,16,30
test_2000.jpg,2340,4160,140,147,115,25,32,7,18,25,43,57
test_2001.jpg,2988,5312,133,146,133,0,13,0,0,13,13,13
test_2002.jpg,2448,3264,127,135,119,8,16,3,5,13,18,24
test_2003.jpg,2448,3264,120,210,119,1,91,0,1,91,92,92
test_2004.jpg,2336,4160,149,164,138,11,26,7,4,19,23,37
test_2005.jpg,3264,2448,275,288,262,13,26,4,9,22,31,39
test_2006.jpg,2336,4160,124,109,98,26,11,3,23,8,31,37
test_2007.jpg,2448,3264,139,151,130,9,21,3,6,18,24,30
test_2008.jpg,2448,3264,201,200,165,36,35,8,28,27,55,71
test_2009.jpg,3264,2448,99,159,87,12,72,7,5,65,70,84
test_201.jpg,1920,2560,147,175,136,11,39,8,3,31,34,50
test_2010.jpg,2448,3264,33,156,23,10,133,1,9,132,141,143
test_2011.jpg,2368,4224,113,121,94,19,27,6,13,21,34,46
test_2012.jpg,2448,3264,139,152,136,3,16,2,1,14,15,19
test_2013.jpg,2448,3264,130,160,123,7,37,2,5,35,40,44
test_2014.jpg,2448,3264,283,298,275,8,23,1,7,22,29,31
test_2015.jpg,2340,4160,123,119,91,32,28,13,19,15,34,60
test_2016.jpg,2448,3264,136,151,134,2,17,1,1,16,17,19
test_2017.jpg,1920,2560,161,182,153,8,29,2,6,27,33,37
test_2018.jpg,2448,3264,126,134,111,15,23,9,6,14,20,38
test_2019.jpg,2448,3264,151,175,135,16,40,8,8,32,40,56
test_202.jpg,2160,3840,171,187,169,2,18,1,1,17,18,20
test_2020.jpg,1920,2560,139,143,138,1,5,1,0,4,4,6
test_2021.jpg,2448,3264,169,179,156,13,23,7,6,16,22,36
test_2022.jpg,1920,2560,129,141,126,3,15,0,3,15,18,18
test_2023.jpg,2448,3264,170,171,150,20,21,3,17,18,35,41
test_2024.jpg,2340,4160,145,182,140,5,42,3,2,39,41,47
test_2025.jpg,1920,2560,114,162,106,8,56,5,3,51,54,64
test_2026.jpg,1920,2560,127,136,123,4,13,1,3,12,15,17
test_2027.jpg,1920,2560,191,192,158,33,34,10,23,24,47,67
test_2028.jpg,1920,2560,139,145,69,70,76,41,29,35,64,146
test_2029.jpg,2448,3264,121,120,116,5,4,0,5,4,9,9
test_203.jpg,2340,4160,148,182,138,10,44,10,0,34,34,54
test_2030.jpg,1920,2560,120,139,119,1,20,1,0,19,19,21
test_2031.jpg,2448,3264,127,145,123,4,22,1,3,21,24,26
test_2032.jpg,2336,4160,159,170,139,20,31,8,12,23,35,51
test_2033.jpg,4128,3096,94,149,89,5,60,3,2,57,59,65
test_2034.jpg,1920,2560,134,152,132,2,20,0,2,20,22,22
test_2035.jpg,1920,2560,197,138,116,81,22,9,72,13,85,103
test_2036.jpg,1920,2560,125,133,125,0,8,0,0,8,8,8
test_2037.jpg,2448,3264,106,145,101,5,44,3,2,41,43,49
test_2038.jpg,2448,3264,118,148,118,0,30,0,0,30,30,30
test_2039.jpg,2448,3264,126,148,114,12,34,6,6,28,34,46
test_204.jpg,2448,3264,154,174,142,12,32,9,3,23,26,44
test_2040.jpg,3264,2448,121,131,108,13,23,7,6,16,22,36
test_2041.jpg,2448,3264,125,173,118,7,55,2,5,53,58,62
test_2042.jpg,3264,2448,112,121,111,1,10,1,0,9,9,11
test_2043.jpg,2448,3264,114,309,84,30,225,5,25,220,245,255
test_2044.jpg,2336,4160,173,184,158,15,26,4,11,22,33,41
test_2045.jpg,2340,4160,180,219,171,9,48,4,5,44,49,57
test_2046.jpg,2448,3264,145,161,141,4,20,2,2,18,20,24
test_2047.jpg,2268,4032,143,144,126,17,18,3,14,15,29,35
test_2048.jpg,2560,1920,138,144,138,0,6,0,0,6,6,6
test_2049.jpg,1920,2560,86,97,80,6,17,2,4,15,19,23
test_205.jpg,2448,3264,193,200,167,26,33,14,12,19,31,59
test_2050.jpg,2448,3264,115,122,99,16,23,2,14,21,35,39
test_2051.jpg,2448,3264,128,137,125,3,12,3,0,9,9,15
test_2052.jpg,2340,4160,202,207,190,12,17,3,9,14,23,29
test_2053.jpg,2448,3264,153,165,148,5,17,1,4,16,20,22
test_2054.jpg,2368,4224,98,104,95,3,9,1,2,8,10,12
test_2055.jpg,2448,3264,186,213,177,9,36,3,6,33,39,45
test_2056.jpg,3120,4160,196,259,117,79,142,45,34,97,131,221
test_2057.jpg,2560,1920,147,141,126,21,15,1,20,14,34,36
test_2058.jpg,2448,3264,115,113,97,18,16,6,12,10,22,34
test_2059.jpg,2160,3840,234,252,214,20,38,7,13,31,44,58
test_206.jpg,2560,1920,125,143,118,7,25,3,4,22,26,32
test_2060.jpg,2448,3264,98,120,89,9,31,4,5,27,32,40
test_2061.jpg,1920,2560,99,139,92,7,47,3,4,44,48,54
test_2062.jpg,2340,4160,134,147,108,26,39,15,11,24,35,65
test_2063.jpg,2448,3264,118,154,94,24,60,8,16,52,68,84
test_2064.jpg,1920,2560,117,141,98,19,43,11,8,32,40,62
test_2065.jpg,2448,3264,194,220,186,8,34,2,6,32,38,42
test_2066.jpg,1920,2560,119,128,113,6,15,4,2,11,13,21
test_2067.jpg,2336,4160,134,139,128,6,11,3,3,8,11,17
test_2068.jpg,2448,3264,115,127,114,1,13,0,1,13,14,14
test_2069.jpg,2448,3264,132,148,121,11,27,2,9,25,34,38
test_207.jpg,2448,3264,129,134,128,1,6,0,1,6,7,7
test_2070.jpg,3264,2448,165,153,134,31,19,2,29,17,46,50
test_2071.jpg,2340,4160,133,153,129,4,24,2,2,22,24,28
test_2072.jpg,2448,3264,123,130,117,6,13,0,6,13,19,19
test_2073.jpg,3120,4160,169,202,164,5,38,2,3,36,39,43
test_2074.jpg,2448,3264,109,133,107,2,26,2,0,24,24,28
test_2075.jpg,3120,4208,92,159,66,26,93,15,11,78,89,119
test_2076.jpg,2448,3264,147,159,147,0,12,0,0,12,12,12
test_2077.jpg,1920,2560,123,142,118,5,24,3,2,21,23,29
test_2078.jpg,2340,4160,141,188,129,12,59,11,1,48,49,71
test_2079.jpg,2340,4160,131,126,117,14,9,4,10,5,15,23
test_208.jpg,2448,3264,111,123,91,20,32,10,10,22,32,52
test_2080.jpg,2448,3264,131,155,128,3,27,2,1,25,26,30
test_2081.jpg,1920,2560,124,152,124,0,28,0,0,28,28,28
test_2082.jpg,2336,4160,148,156,108,40,48,21,19,27,46,88
test_2083.jpg,3120,4208,106,116,102,4,14,2,2,12,14,18
test_2084.jpg,2448,3264,184,205,172,12,33,6,6,27,33,45
test_2085.jpg,4128,3096,195,220,185,10,35,4,6,31,37,45
test_2086.jpg,2336,4160,97,98,89,8,9,4,4,5,9,17
test_2087.jpg,3024,3024,134,140,128,6,12,2,4,10,14,18
test_2088.jpg,1920,2560,131,137,127,4,10,0,4,10,14,14
test_2089.jpg,2448,3264,97,133,94,3,39,1,2,38,40,42
test_209.jpg,3264,2448,291,199,174,117,25,3,114,22,136,142
test_2090.jpg,3120,4208,83,286,18,65,268,50,15,218,233,333
test_2091.jpg,2336,4160,160,165,145,15,20,7,8,13,21,35
test_2092.jpg,2448,3264,131,144,126,5,18,2,3,16,19,23
test_2093.jpg,1920,2560,100,115,97,3,18,2,1,16,17,21
test_2094.jpg,2448,3264,174,212,163,11,49,6,5,43,48,60
test_2095.jpg,2336,4160,118,141,118,0,23,0,0,23,23,23
test_2096.jpg,2448,3264,135,151,118,17,33,5,12,28,40,50
test_2097.jpg,2560,1920,137,163,131,6,32,3,3,29,32,38
test_2098.jpg,2448,3264,143,153,138,5,15,2,3,13,16,20
test_2099.jpg,2448,3264,157,164,151,6,13,3,3,10,13,19
test_21.jpg,2448,3264,117,138,106,11,32,6,5,26,31,43
test_210.jpg,2448,3264,175,202,167,8,35,5,3,30,33,43
test_2100.jpg,1920,2560,146,160,125,21,35,8,13,27,40,56
test_2101.jpg,2448,3264,206,206,179,27,27,3,24,24,48,54
test_2102.jpg,1920,2560,167,177,165,2,12,0,2,12,14,14
test_2103.jpg,2336,4160,147,153,130,17,23,10,7,13,20,40
test_2104.jpg,1920,2560,149,171,139,10,32,7,3,25,28,42
test_2105.jpg,2448,3264,159,167,146,13,21,1,12,20,32,34
test_2106.jpg,2560,1920,135,151,129,6,22,1,5,21,26,28
test_2107.jpg,1920,2560,108,140,108,0,32,0,0,32,32,32
test_2108.jpg,1920,2560,148,191,135,13,56,7,6,49,55,69
test_2109.jpg,2448,3264,158,166,150,8,16,5,3,11,14,24
test_211.jpg,1920,2560,108,120,98,10,22,7,3,15,18,32
test_2110.jpg,2432,4320,155,154,145,10,9,3,7,6,13,19
test_2111.jpg,2448,3264,183,220,140,43,80,19,24,61,85,123
test_2112.jpg,2988,5312,187,201,178,9,23,5,4,18,22,32
test_2113.jpg,2336,4160,258,261,209,49,52,16,33,36,69,101
test_2114.jpg,1920,2560,125,127,110,15,17,3,12,14,26,32
test_2115.jpg,2336,4160,102,117,100,2,17,0,2,17,19,19
test_2116.jpg,2448,3264,187,220,186,1,34,1,0,33,33,35
test_2117.jpg,2560,1920,84,96,67,17,29,5,12,24,36,46
test_2118.jpg,3264,2448,148,196,147,1,49,0,1,49,50,50
test_2119.jpg,2448,3264,151,165,148,3,17,3,0,14,14,20
test_212.jpg,2340,4160,176,186,164,12,22,4,8,18,26,34
test_2120.jpg,1920,2560,164,235,146,18,89,15,3,74,77,107
test_2121.jpg,1920,2560,173,230,154,19,76,8,11,68,79,95
test_2122.jpg,2448,3264,275,291,249,26,42,5,21,37,58,68
test_2123.jpg,1920,2560,179,209,159,20,50,11,9,39,48,70
test_2124.jpg,1920,2560,115,136,110,5,26,2,3,24,27,31
test_2125.jpg,3024,4032,151,161,140,11,21,7,4,14,18,32
test_2126.jpg,2448,3264,125,134,125,0,9,0,0,9,9,9
test_2127.jpg,2560,1920,121,130,121,0,9,0,0,9,9,9
test_2128.jpg,2448,3264,136,167,131,5,36,1,4,35,39,41
test_2129.jpg,2448,3264,113,121,110,3,11,1,2,10,12,14
test_213.jpg,1920,2560,149,158,149,0,9,0,0,9,9,9
test_2130.jpg,1920,2560,158,193,156,2,37,1,1,36,37,39
test_2131.jpg,3264,2448,83,168,81,2,87,2,0,85,85,89
test_2132.jpg,3120,4160,193,276,178,15,98,10,5,88,93,113
test_2133.jpg,2448,3264,136,151,135,1,16,0,1,16,17,17
test_2134.jpg,2448,3264,136,148,133,3,15,1,2,14,16,18
test_2135.jpg,2448,3264,115,132,113,2,19,1,1,18,19,21
test_2136.jpg,1920,2560,178,190,161,17,29,6,11,23,34,46
test_2137.jpg,2448,3264,176,182,164,12,18,3,9,15,24,30
test_2138.jpg,3120,4208,183,200,182,1,18,1,0,17,17,19
test_2139.jpg,2268,4032,129,146,124,5,22,3,2,19,21,27
test_214.jpg,1920,2560,130,144,124,6,20,3,3,17,20,26
test_2140.jpg,1920,2560,166,180,160,6,20,6,0,14,14,26
test_2141.jpg,3120,4208,216,248,211,5,37,3,2,34,36,42
test_2142.jpg,2560,1920,125,154,118,7,36,1,6,35,41,43
test_2143.jpg,2448,3264,124,142,121,3,21,1,2,20,22,24
test_2144.jpg,2448,3264,104,134,95,9,39,6,3,33,36,48
test_2145.jpg,1920,2560,126,164,116,10,48,8,2,40,42,58
test_2146.jpg,1920,2560,119,123,117,2,6,1,1,5,6,8
test_2147.jpg,2592,4608,128,136,122,6,14,2,4,12,16,20
test_2148.jpg,2336,4160,107,120,105,2,15,2,0,13,13,17
test_2149.jpg,2448,3264,187,242,160,27,82,14,13,68,81,109
test_215.jpg,2340,4160,132,148,124,8,24,4,4,20,24,32
test_2150.jpg,2448,3264,143,154,127,16,27,3,13,24,37,43
test_2151.jpg,2448,3264,66,112,57,9,55,5,4,50,54,64
test_2152.jpg,2340,4160,141,150,126,15,24,6,9,18,27,39
test_2153.jpg,3120,4160,358,392,350,8,42,6,2,36,38,50
test_2154.jpg,2340,4160,147,160,138,9,22,3,6,19,25,31
test_2155.jpg,2448,3264,123,143,119,4,24,3,1,21,22,28
test_2156.jpg,3264,2448,203,237,177,26,60,10,16,50,66,86
test_2157.jpg,2560,1920,206,220,181,25,39,11,14,28,42,64
test_2158.jpg,2560,1920,202,227,194,8,33,4,4,29,33,41
test_2159.jpg,2448,3264,138,156,129,9,27,4,5,23,28,36
test_216.jpg,1920,2560,156,175,154,2,21,1,1,20,21,23
test_2160.jpg,1920,2560,137,149,115,22,34,13,9,21,30,56
test_2161.jpg,1920,2560,121,140,103,18,37,10,8,27,35,55
test_2162.jpg,2592,1936,155,155,146,9,9,2,7,7,14,18
test_2163.jpg,2560,1920,132,122,106,26,16,6,20,10,30,42
test_2164.jpg,2560,1920,157,169,139,18,30,7,11,23,34,48
test_2165.jpg,1920,2560,201,199,166,35,33,13,22,20,42,68
test_2166.jpg,1920,2560,166,180,166,0,14,0,0,14,14,14
test_2167.jpg,2560,1920,104,100,79,25,21,9,16,12,28,46
test_2168.jpg,1920,2560,122,125,101,21,24,8,13,16,29,45
test_2169.jpg,1920,2560,271,297,240,31,57,7,24,50,74,88
test_217.jpg,1920,2560,113,137,102,11,35,6,5,29,34,46
test_2170.jpg,2448,3264,140,124,113,27,11,3,24,8,32,38
test_2171.jpg,1920,2560,94,126,88,6,38,3,3,35,38,44
test_2172.jpg,2336,4160,136,140,136,0,4,0,0,4,4,4
test_2173.jpg,2448,3264,153,183,149,4,34,3,1,31,32,38
test_2174.jpg,2448,3264,136,145,136,0,9,0,0,9,9,9
test_2175.jpg,2448,3264,128,156,114,14,42,8,6,34,40,56
test_2176.jpg,2340,4160,155,165,147,8,18,4,4,14,18,26
test_2177.jpg,2448,3264,118,146,116,2,30,1,1,29,30,32
test_2178.jpg,2448,3264,272,325,264,8,61,1,7,60,67,69
test_2179.jpg,3120,4160,214,218,204,10,14,3,7,11,18,24
test_218.jpg,2340,4160,124,129,118,6,11,3,3,8,11,17
test_2180.jpg,2448,3264,157,167,122,35,45,20,15,25,40,80
test_2181.jpg,3104,4192,120,163,107,13,56,8,5,48,53,69
test_2182.jpg,2448,3264,124,135,121,3,14,0,3,14,17,17
test_2183.jpg,2448,3264,115,136,110,5,26,3,2,23,25,31
test_2184.jpg,2560,1920,126,173,120,6,53,2,4,51,55,59
test_2185.jpg,1920,2560,172,184,160,12,24,4,8,20,28,36
test_2186.jpg,2448,3264,146,178,133,13,45,8,5,37,42,58
test_2187.jpg,2448,3264,148,154,125,23,29,11,12,18,30,52
test_2188.jpg,2368,4224,134,163,130,4,33,4,0,29,29,37
test_2189.jpg,2340,4160,166,149,117,49,32,11,38,21,59,81
test_219.jpg,1920,2560,131,148,120,11,28,5,6,23,29,39
test_2190.jpg,2448,3264,116,147,101,15,46,8,7,38,45,61
test_2191.jpg,3264,2448,167,198,153,14,45,8,6,37,43,59
test_2192.jpg,2448,3264,139,154,127,12,27,4,8,23,31,39
test_2193.jpg,3024,4032,231,264,227,4,37,2,2,35,37,41
test_2194.jpg,2448,3264,137,141,133,4,8,0,4,8,12,12
test_2195.jpg,1920,2560,130,143,121,9,22,4,5,18,23,31
test_2196.jpg,3024,3024,122,116,96,26,20,10,16,10,26,46
test_2197.jpg,2448,3264,140,142,138,2,4,0,2,4,6,6
test_2198.jpg,1920,2560,142,181,132,10,49,8,2,41,43,59
test_2199.jpg,1920,2560,28,59,12,16,47,6,10,41,51,63
test_22.jpg,1920,2560,133,90,54,79,36,8,71,28,99,115
test_220.jpg,2448,3264,105,184,95,10,89,4,6,85,91,99
test_2200.jpg,2448,3264,125,137,125,0,12,0,0,12,12,12
test_2201.jpg,2448,3264,141,154,141,0,13,0,0,13,13,13
test_2202.jpg,2368,4224,121,129,117,4,12,2,2,10,12,16
test_2203.jpg,2448,3264,143,145,131,12,14,1,11,13,24,26
test_2204.jpg,2448,3264,121,129,121,0,8,0,0,8,8,8
test_2205.jpg,2160,3840,117,125,103,14,22,2,12,20,32,36
test_2206.jpg,3096,4128,190,213,176,14,37,4,10,33,43,51
test_2207.jpg,2560,1920,139,162,135,4,27,3,1,24,25,31
test_2208.jpg,1920,2560,186,215,181,5,34,3,2,31,33,39
test_2209.jpg,2448,3264,123,175,114,9,61,4,5,57,62,70
test_221.jpg,3120,4160,129,146,129,0,17,0,0,17,17,17
test_2210.jpg,2336,4160,111,150,108,3,42,2,1,40,41,45
test_2211.jpg,2160,3840,128,136,116,12,20,4,8,16,24,32
test_2212.jpg,2448,3264,130,142,120,10,22,4,6,18,24,32
test_2213.jpg,2336,4160,115,130,105,10,25,6,4,19,23,35
test_2214.jpg,2448,3264,121,142,106,15,36,9,6,27,33,51
test_2215.jpg,1920,2560,142,155,138,4,17,0,4,17,21,21
test_2216.jpg,2448,3264,124,161,113,11,48,7,4,41,45,59
test_2217.jpg,2160,3840,150,178,129,21,49,16,5,33,38,70
test_2218.jpg,1920,2560,152,159,147,5,12,2,3,10,13,17
test_2219.jpg,2448,3264,136,143,133,3,10,2,1,8,9,13
test_222.jpg,1920,2560,121,141,118,3,23,1,2,22,24,26
test_2220.jpg,2448,3264,135,159,135,0,24,0,0,24,24,24
test_2221.jpg,3264,2448,232,247,201,31,46,9,22,37,59,77
test_2222.jpg,1920,2560,142,178,133,9,45,9,0,36,36,54
test_2223.jpg,2304,4096,154,184,133,21,51,14,7,37,44,72
test_2224.jpg,3264,2448,184,182,173,11,9,1,10,8,18,20
test_2225.jpg,1920,2560,121,138,115,6,23,3,3,20,23,29
test_2226.jpg,2448,3264,124,145,114,10,31,3,7,28,35,41
test_2227.jpg,2336,4160,127,130,106,21,24,12,9,12,21,45
test_2228.jpg,3120,4160,152,216,131,21,85,14,7,71,78,106
test_2229.jpg,3120,4208,62,39,30,32,9,0,32,9,41,41
test_223.jpg,1920,2560,120,139,119,1,20,1,0,19,19,21
test_2230.jpg,2448,3264,135,145,131,4,14,0,4,14,18,18
test_2231.jpg,2448,3264,116,243,88,28,155,6,22,149,171,183
test_2232.jpg,2336,4160,151,183,147,4,36,3,1,33,34,40
test_2233.jpg,2336,4160,130,139,119,11,20,4,7,16,23,31
test_2234.jpg,2448,3264,127,169,117,10,52,8,2,44,46,62
test_2235.jpg,2448,3264,124,282,100,24,182,10,14,172,186,206
test_2236.jpg,2448,3264,123,133,109,14,24,7,7,17,24,38
test_2237.jpg,2592,4608,98,111,92,6,19,4,2,15,17,25
test_2238.jpg,2448,3264,130,154,121,9,33,4,5,29,34,42
test_2239.jpg,2448,3264,128,141,106,22,35,6,16,29,45,57
test_224.jpg,1920,2560,121,128,121,0,7,0,0,7,7,7
test_2240.jpg,1920,2560,132,145,132,0,13,0,0,13,13,13
test_2241.jpg,2448,3264,130,148,129,1,19,1,0,18,18,20
test_2242.jpg,1920,2560,151,157,151,0,6,0,0,6,6,6
test_2243.jpg,2448,3264,146,157,140,6,17,3,3,14,17,23
test_2244.jpg,2448,3264,148,140,109,39,31,11,28,20,48,70
test_2245.jpg,1920,2560,115,138,111,4,27,3,1,24,25,31
test_2246.jpg,1920,2560,145,168,135,10,33,4,6,29,35,43
test_2247.jpg,2336,4160,154,155,143,11,12,5,6,7,13,23
test_2248.jpg,2448,3264,148,150,147,1,3,1,0,2,2,4
test_2249.jpg,1920,2560,138,147,138,0,9,0,0,9,9,9
test_225.jpg,2340,4160,161,271,150,11,121,11,0,110,110,132
test_2250.jpg,2448,3264,155,164,127,28,37,3,25,34,59,65
test_2251.jpg,1920,2560,248,251,225,23,26,6,17,20,37,49
test_2252.jpg,1920,2560,111,120,111,0,9,0,0,9,9,9
test_2253.jpg,2448,3264,142,150,138,4,12,2,2,10,12,16
test_2254.jpg,3264,2448,258,292,248,10,44,2,8,42,50,54
test_2255.jpg,1920,2560,114,136,107,7,29,3,4,26,30,36
test_2256.jpg,2448,3264,144,150,141,3,9,1,2,8,10,12
test_2257.jpg,2448,3264,149,182,145,4,37,2,2,35,37,41
test_2258.jpg,2448,3264,137,144,130,7,14,6,1,8,9,21
test_2259.jpg,2340,4160,104,128,96,8,32,3,5,29,34,40
test_226.jpg,1920,2560,126,130,119,7,11,0,7,11,18,18
test_2260.jpg,2340,4160,132,152,122,10,30,4,6,26,32,40
test_2261.jpg,2448,3264,136,153,116,20,37,5,15,32,47,57
test_2262.jpg,2448,3264,158,178,133,25,45,10,15,35,50,70
test_2263.jpg,3120,4208,135,139,134,1,5,0,1,5,6,6
test_2264.jpg,1920,2560,141,176,141,0,35,0,0,35,35,35
test_2265.jpg,2448,3264,128,128,108,20,20,4,16,16,32,40
test_2266.jpg,1920,2560,128,131,127,1,4,0,1,4,5,5
test_2267.jpg,1920,2560,127,130,126,1,4,0,1,4,5,5
test_2268.jpg,3024,3024,126,133,114,12,19,8,4,11,15,31
test_2269.jpg,1920,2560,131,144,126,5,18,3,2,15,17,23
test_227.jpg,2448,3264,80,150,59,21,91,16,5,75,80,112
test_2270.jpg,1920,2560,122,162,120,2,42,1,1,41,42,44
test_2271.jpg,2448,3264,140,151,139,1,12,0,1,12,13,13
test_2272.jpg,4160,3120,228,250,215,13,35,5,8,30,38,48
test_2273.jpg,1920,2560,136,173,130,6,43,4,2,39,41,49
test_2274.jpg,2448,3264,187,205,185,2,20,2,0,18,18,22
test_2275.jpg,2448,3264,112,163,103,9,60,5,4,55,59,69
test_2276.jpg,2448,3264,190,215,162,28,53,6,22,47,69,81
test_2277.jpg,1920,2560,125,136,92,33,44,19,14,25,39,77
test_2278.jpg,1920,2560,135,147,129,6,18,3,3,15,18,24
test_2279.jpg,2448,3264,153,184,146,7,38,4,3,34,37,45
test_228.jpg,2340,4160,35,170,34,1,136,1,0,135,135,137
test_2280.jpg,2448,3264,106,138,99,7,39,4,3,35,38,46
test_2281.jpg,2336,4160,121,154,119,2,35,2,0,33,33,37
test_2282.jpg,2448,3264,175,200,143,32,57,19,13,38,51,89
test_2283.jpg,1920,2560,128,143,125,3,18,2,1,16,17,21
test_2284.jpg,1920,2560,106,130,97,9,33,6,3,27,30,42
test_2285.jpg,2448,3264,120,138,119,1,19,0,1,19,20,20
test_2286.jpg,3264,2448,237,223,204,33,19,9,24,10,34,52
test_2287.jpg,2448,3264,73,111,65,8,46,4,4,42,46,54
test_2288.jpg,2322,4128,152,157,138,14,19,3,11,16,27,33
test_2289.jpg,2448,3264,241,275,233,8,42,7,1,35,36,50
test_229.jpg,2448,3264,142,150,133,9,17,1,8,16,24,26
test_2290.jpg,1920,2560,138,142,137,1,5,0,1,5,6,6
test_2291.jpg,2336,4160,168,206,163,5,43,2,3,41,44,48
test_2292.jpg,2448,3264,209,211,198,11,13,0,11,13,24,24
test_2293.jpg,2448,3264,109,143,100,9,43,2,7,41,48,52
test_2294.jpg,2448,3264,140,147,107,33,40,11,22,29,51,73
test_2295.jpg,2448,3264,120,132,118,2,14,2,0,12,12,16
test_2296.jpg,2448,3264,127,141,127,0,14,0,0,14,14,14
test_2297.jpg,2448,3264,129,161,125,4,36,3,1,33,34,40
test_2298.jpg,2560,1920,139,146,133,6,13,3,3,10,13,19
test_2299.jpg,2448,3264,251,267,182,69,85,25,44,60,104,154
test_23.jpg,2448,3264,191,185,175,16,10,0,16,10,26,26
test_230.jpg,1920,2560,123,132,121,2,11,0,2,11,13,13
test_2300.jpg,2160,3840,107,141,98,9,43,6,3,37,40,52
test_2301.jpg,2448,3264,108,150,99,9,51,6,3,45,48,60
test_2302.jpg,2448,3264,156,183,139,17,44,6,11,38,49,61
test_2303.jpg,2448,3264,124,153,112,12,41,12,0,29,29,53
test_2304.jpg,2560,1920,214,209,194,20,15,5,15,10,25,35
test_2305.jpg,1920,2560,132,134,129,3,5,2,1,3,4,8
test_2306.jpg,2448,3264,141,174,129,12,45,7,5,38,43,57
test_2307.jpg,2448,3264,164,180,163,1,17,0,1,17,18,18
test_2308.jpg,2160,3840,238,252,207,31,45,12,19,33,52,76
test_2309.jpg,2448,3264,141,171,136,5,35,4,1,31,32,40
test_231.jpg,2160,3840,175,193,164,11,29,6,5,23,28,40
test_2310.jpg,2448,3264,74,104,70,4,34,4,0,30,30,38
test_2311.jpg,2448,3264,160,169,150,10,19,6,4,13,17,29
test_2312.jpg,1920,2560,121,132,114,7,18,1,6,17,23,25
test_2313.jpg,4160,2340,150,166,137,13,29,2,11,27,38,42
test_2314.jpg,2560,1920,131,146,131,0,15,0,0,15,15,15
test_2315.jpg,1920,2560,170,183,170,0,13,0,0,13,13,13
test_2316.jpg,2336,4160,203,171,128,75,43,26,49,17,66,118
test_2317.jpg,1920,2560,149,169,149,0,20,0,0,20,20,20
test_2318.jpg,1920,2560,139,153,135,4,18,1,3,17,20,22
test_2319.jpg,1920,2560,150,187,146,4,41,4,0,37,37,45
test_232.jpg,2448,3264,122,53,35,87,18,7,80,11,91,105
test_2320.jpg,3096,4128,114,156,102,12,54,12,0,42,42,66
test_2321.jpg,1920,2560,121,51,47,74,4,0,74,4,78,78
test_2322.jpg,1920,2560,127,149,127,0,22,0,0,22,22,22
test_2323.jpg,2448,3264,141,154,138,3,16,3,0,13,13,19
test_2324.jpg,2448,3264,134,131,117,17,14,5,12,9,21,31
test_2325.jpg,1920,2560,226,268,223,3,45,3,0,42,42,48
test_2326.jpg,2448,3264,156,149,143,13,6,1,12,5,17,19
test_2327.jpg,2336,4160,146,141,130,16,11,3,13,8,21,27
test_2328.jpg,2448,3264,127,155,120,7,35,7,0,28,28,42
test_2329.jpg,1920,2560,136,147,135,1,12,1,0,11,11,13
test_233.jpg,1920,2560,125,130,122,3,8,1,2,7,9,11
test_2330.jpg,2448,3264,172,186,172,0,14,0,0,14,14,14
test_2331.jpg,2448,3264,126,137,122,4,15,1,3,14,17,19
test_2332.jpg,1920,2560,117,137,113,4,24,2,2,22,24,28
test_2333.jpg,3264,2448,117,130,104,13,26,7,6,19,25,39
test_2334.jpg,2560,1920,139,156,133,6,23,3,3,20,23,29
test_2335.jpg,2448,3264,93,147,84,9,63,4,5,59,64,72
test_2336.jpg,2448,3264,125,161,121,4,40,3,1,37,38,44
test_2337.jpg,2448,3264,131,138,103,28,35,11,17,24,41,63
test_2338.jpg,2448,3264,133,130,120,13,10,5,8,5,13,23
test_2339.jpg,2368,4224,109,135,104,5,31,3,2,28,30,36
test_234.jpg,2336,4160,128,133,123,5,10,1,4,9,13,15
test_2340.jpg,2592,4608,143,141,132,11,9,3,8,6,14,20
test_2341.jpg,3264,2448,164,158,122,42,36,22,20,14,34,78
test_2342.jpg,3264,2448,156,396,143,13,253,5,8,248,256,266
test_2343.jpg,2322,4128,163,162,124,39,38,19,20,19,39,77
test_2344.jpg,2448,3264,137,147,129,8,18,2,6,16,22,26
test_2345.jpg,2448,3264,123,187,110,13,77,6,7,71,78,90
test_2346.jpg,2340,4160,125,133,110,15,23,6,9,17,26,38
test_2347.jpg,3120,4208,89,136,85,4,51,1,3,50,53,55
test_2348.jpg,480,640,112,134,110,2,24,1,1,23,24,26
test_2349.jpg,2592,4608,113,125,104,9,21,4,5,17,22,30
test_235.jpg,1920,2560,174,197,143,31,54,16,15,38,53,85
test_2350.jpg,2448,3264,147,149,134,13,15,8,5,7,12,28
test_2351.jpg,2560,1920,102,229,100,2,129,1,1,128,129,131
test_2352.jpg,2448,3264,134,177,122,12,55,5,7,50,57,67
test_2353.jpg,2448,3264,143,161,138,5,23,2,3,21,24,28
test_2354.jpg,2448,3264,293,314,287,6,27,4,2,23,25,33
test_2355.jpg,2448,3264,118,145,112,6,33,1,5,32,37,39
test_2356.jpg,2448,3264,125,139,125,0,14,0,0,14,14,14
test_2357.jpg,1920,2560,98,96,56,42,40,21,21,19,40,82
test_2358.jpg,2560,1920,138,151,136,2,15,1,1,14,15,17
test_2359.jpg,2448,3264,176,188,164,12,24,7,5,17,22,36
test_236.jpg,2448,3264,211,275,187,24,88,15,9,73,82,112
test_2360.jpg,1920,2560,151,157,148,3,9,0,3,9,12,12
test_2361.jpg,2448,3264,162,149,140,22,9,2,20,7,27,31
test_2362.jpg,2448,3264,129,132,114,15,18,9,6,9,15,33
test_2363.jpg,3264,2448,212,155,142,70,13,5,65,8,73,83
test_2364.jpg,1920,2560,118,145,115,3,30,2,1,28,29,33
test_2365.jpg,3024,3024,121,161,112,9,49,6,3,43,46,58
test_2366.jpg,2448,3264,108,136,98,10,38,4,6,34,40,48
test_2367.jpg,2448,3264,170,194,120,50,74,29,21,45,66,124
test_2368.jpg,3264,2448,159,206,148,11,58,4,7,54,61,69
test_2369.jpg,2340,4160,185,198,164,21,34,7,14,27,41,55
test_237.jpg,3120,4160,168,169,147,21,22,3,18,19,37,43
test_2370.jpg,2340,4160,126,136,115,11,21,5,6,16,22,32
test_2371.jpg,1920,2560,149,208,117,32,91,24,8,67,75,123
test_2372.jpg,2560,1920,133,182,128,5,54,3,2,51,53,59
test_2373.jpg,2448,3264,127,140,113,14,27,3,11,24,35,41
test_2374.jpg,2448,3264,215,258,209,6,49,6,0,43,43,55
test_2375.jpg,2560,1920,190,199,182,8,17,2,6,15,21,25
test_2376.jpg,2448,3264,127,155,121,6,34,4,2,30,32,40
test_2377.jpg,2448,3264,137,200,130,7,70,6,1,64,65,77
test_2378.jpg,3120,4160,153,190,149,4,41,0,4,41,45,45
test_2379.jpg,2368,4224,146,210,139,7,71,4,3,67,70,78
test_238.jpg,1920,2560,120,136,119,1,17,1,0,16,16,18
test_2380.jpg,2340,4160,117,142,108,9,34,4,5,30,35,43
test_2381.jpg,3120,4208,176,183,174,2,9,0,2,9,11,11
test_2382.jpg,2448,3264,137,122,111,26,11,2,24,9,33,37
test_2383.jpg,2336,4160,198,197,164,34,33,9,25,24,49,67
test_2384.jpg,2448,3264,146,176,139,7,37,3,4,34,38,44
test_2385.jpg,1920,2560,163,175,160,3,15,2,1,13,14,18
test_2386.jpg,2340,4160,128,166,121,7,45,6,1,39,40,52
test_2387.jpg,1920,2560,118,142,116,2,26,1,1,25,26,28
test_2388.jpg,2448,3264,141,154,140,1,14,1,0,13,13,15
test_2389.jpg,2336,4160,143,291,104,39,187,21,18,166,184,226
test_239.jpg,2448,3264,161,170,144,17,26,5,12,21,33,43
test_2390.jpg,4128,3096,126,184,109,17,75,9,8,66,74,92
test_2391.jpg,2336,4160,271,310,262,9,48,6,3,42,45,57
test_2392.jpg,2448,3264,107,146,105,2,41,1,1,40,41,43
test_2393.jpg,1920,2560,121,160,107,14,53,11,3,42,45,67
test_2394.jpg,3024,3024,136,139,133,3,6,1,2,5,7,9
test_2395.jpg,1920,2560,134,149,131,3,18,2,1,16,17,21
test_2396.jpg,2448,3264,159,176,149,10,27,5,5,22,27,37
test_2397.jpg,3264,2448,206,217,183,23,34,11,12,23,35,57
test_2398.jpg,2448,3264,115,159,112,3,47,1,2,46,48,50
test_2399.jpg,2448,3264,102,136,88,14,48,9,5,39,44,62
test_24.jpg,1920,2560,136,151,124,12,27,5,7,22,29,39
test_240.jpg,2448,3264,250,268,245,5,23,4,1,19,20,28
test_2400.jpg,2340,4160,140,151,136,4,15,1,3,14,17,19
test_2401.jpg,2448,3264,311,251,187,124,64,5,119,59,178,188
test_2402.jpg,2160,3840,166,165,144,22,21,9,13,12,25,43
test_2403.jpg,1920,2560,132,149,128,4,21,2,2,19,21,25
test_2404.jpg,2448,3264,139,145,128,11,17,5,6,12,18,28
test_2405.jpg,2448,3264,136,145,119,17,26,7,10,19,29,43
test_2406.jpg,2448,3264,154,121,66,88,55,25,63,30,93,143
test_2407.jpg,2448,3264,119,170,114,5,56,3,2,53,55,61
test_2408.jpg,2448,3264,122,139,115,7,24,3,4,21,25,31
test_2409.jpg,1920,2560,149,161,149,0,12,0,0,12,12,12
test_241.jpg,2448,3264,137,142,125,12,17,3,9,14,23,29
test_2410.jpg,2448,3264,180,190,173,7,17,5,2,12,14,24
test_2411.jpg,1920,2560,124,130,124,0,6,0,0,6,6,6
test_2412.jpg,2340,4160,138,157,121,17,36,7,10,29,39,53
test_2413.jpg,1920,2560,108,121,102,6,19,3,3,16,19,25
test_2414.jpg,2448,3264,211,217,193,18,24,8,10,16,26,42
test_2415.jpg,1920,2560,117,126,111,6,15,1,5,14,19,21
test_2416.jpg,3264,2448,136,154,133,3,21,1,2,20,22,24
test_2417.jpg,2448,3264,127,135,102,25,33,6,19,27,46,58
test_2418.jpg,2448,3264,130,143,123,7,20,3,4,17,21,27
test_2419.jpg,2340,4160,168,182,160,8,22,7,1,15,16,30
test_242.jpg,2448,3264,166,192,145,21,47,15,6,32,38,68
test_2420.jpg,2340,4160,113,124,92,21,32,12,9,20,29,53
test_2421.jpg,1920,2560,126,140,126,0,14,0,0,14,14,14
test_2422.jpg,2448,3264,108,93,58,50,35,12,38,23,61,85
test_2423.jpg,1920,2560,146,153,141,5,12,3,2,9,11,17
test_2424.jpg,2448,3264,129,151,128,1,23,0,1,23,24,24
test_2425.jpg,1920,2560,146,170,141,5,29,3,2,26,28,34
test_2426.jpg,4128,3096,194,232,185,9,47,7,2,40,42,56
test_2427.jpg,3120,4160,370,385,353,17,32,10,7,22,29,49
test_2428.jpg,2448,3264,205,366,125,80,241,55,25,186,211,321
test_2429.jpg,1920,2560,168,182,168,0,14,0,0,14,14,14
test_243.jpg,1920,2560,176,187,174,2,13,0,2,13,15,15
test_2430.jpg,2448,3264,349,388,347,2,41,2,0,39,39,43
test_2431.jpg,1920,2560,115,136,112,3,24,3,0,21,21,27
test_2432.jpg,2448,3264,116,125,101,15,24,8,7,16,23,39
test_2433.jpg,2448,3264,151,160,141,10,19,2,8,17,25,29
test_2434.jpg,1920,2560,137,147,137,0,10,0,0,10,10,10
test_2435.jpg,1932,2576,161,175,160,1,15,0,1,15,16,16
test_2436.jpg,2448,3264,136,170,118,18,52,5,13,47,60,70
test_2437.jpg,3120,4160,142,154,122,20,32,12,8,20,28,52
test_2438.jpg,2340,4160,154,179,138,16,41,14,2,27,29,57
test_2439.jpg,2448,3264,99,101,69,30,32,12,18,20,38,62
test_244.jpg,1920,2560,155,171,142,13,29,3,10,26,36,42
test_2440.jpg,1920,2560,164,254,163,1,91,1,0,90,90,92
test_2441.jpg,1920,2560,129,136,116,13,20,4,9,16,25,33
test_2442.jpg,2448,3264,184,192,175,9,17,6,3,11,14,26
test_2443.jpg,2448,3264,121,132,113,8,19,3,5,16,21,27
test_2444.jpg,2340,4160,122,126,103,19,23,4,15,19,34,42
test_2445.jpg,2592,4608,167,198,144,23,54,12,11,42,53,77
test_2446.jpg,1920,2560,137,168,130,7,38,6,1,32,33,45
test_2447.jpg,3264,2448,173,206,136,37,70,15,22,55,77,107
test_2448.jpg,2304,4096,174,200,170,4,30,2,2,28,30,34
test_2449.jpg,3264,2448,168,224,160,8,64,1,7,63,70,72
test_245.jpg,1920,2560,176,184,165,11,19,2,9,17,26,30
test_2450.jpg,1920,2560,127,210,119,8,91,4,4,87,91,99
test_2451.jpg,2448,3264,148,214,125,23,89,15,8,74,82,112
test_2452.jpg,2448,3264,189,215,189,0,26,0,0,26,26,26
test_2453.jpg,1920,2560,194,201,176,18,25,6,12,19,31,43
test_2454.jpg,3264,2448,316,244,217,99,27,7,92,20,112,126
test_2455.jpg,2336,4160,152,186,148,4,38,2,2,36,38,42
test_2456.jpg,2340,4160,154,172,139,15,33,3,12,30,42,48
test_2457.jpg,2988,5312,135,155,130,5,25,3,2,22,24,30
test_2458.jpg,4160,3120,154,226,71,83,155,29,54,126,180,238
test_2459.jpg,1920,2560,124,141,123,1,18,1,0,17,17,19
test_246.jpg,2336,4160,124,137,114,10,23,4,6,19,25,33
test_2460.jpg,1920,2560,116,156,112,4,44,1,3,43,46,48
test_2461.jpg,2448,3264,183,210,162,21,48,10,11,38,49,69
test_2462.jpg,1920,2560,118,149,104,14,45,7,7,38,45,59
test_2463.jpg,1920,2560,120,156,120,0,36,0,0,36,36,36
test_2464.jpg,2448,3264,186,214,180,6,34,5,1,29,30,40
test_2465.jpg,3264,2448,195,196,193,2,3,1,1,2,3,5
test_2466.jpg,2448,3264,140,174,120,20,54,15,5,39,44,74
test_2467.jpg,2448,3264,136,140,109,27,31,11,16,20,36,58
test_2468.jpg,2448,3264,153,157,145,8,12,1,7,11,18,20
test_2469.jpg,2560,1920,188,228,166,22,62,12,10,50,60,84
test_247.jpg,3264,2448,271,238,168,103,70,7,96,63,159,173
test_2470.jpg,3264,2448,123,140,114,9,26,4,5,22,27,35
test_2471.jpg,2448,3264,187,266,128,59,138,25,34,113,147,197
test_2472.jpg,1920,2560,155,175,149,6,26,4,2,22,24,32
test_2473.jpg,2448,3264,140,158,132,8,26,3,5,23,28,34
test_2474.jpg,2448,3264,138,130,122,16,8,4,12,4,16,24
test_2475.jpg,2336,4160,132,134,125,7,9,4,3,5,8,16
test_2476.jpg,2448,3264,133,167,121,12,46,7,5,39,44,58
test_2477.jpg,2448,3264,140,185,123,17,62,14,3,48,51,79
test_2478.jpg,2560,1920,230,231,218,12,13,3,9,10,19,25
test_2479.jpg,1920,2560,140,147,134,6,13,1,5,12,17,19
test_248.jpg,2448,3264,141,158,113,28,45,13,15,32,47,73
test_2480.jpg,2336,4160,162,179,157,5,22,2,3,20,23,27
test_2481.jpg,2448,3264,139,162,123,16,39,7,9,32,41,55
test_2482.jpg,2448,3264,112,128,87,25,41,11,14,30,44,66
test_2483.jpg,1920,2560,125,134,123,2,11,1,1,10,11,13
test_2484.jpg,1920,2560,151,265,102,49,163,38,11,125,136,212
test_2485.jpg,2560,1920,216,227,214,2,13,1,1,12,13,15
test_2486.jpg,2340,4160,158,181,153,5,28,2,3,26,29,33
test_2487.jpg,2448,3264,85,123,77,8,46,5,3,41,44,54
test_2488.jpg,2336,4160,133,148,118,15,30,6,9,24,33,45
test_2489.jpg,1920,2560,168,229,163,5,66,4,1,62,63,71
test_249.jpg,2448,3264,136,153,131,5,22,1,4,21,25,27
test_2490.jpg,2448,3264,125,133,124,1,9,1,0,8,8,10
test_2491.jpg,2160,3840,131,133,123,8,10,0,8,10,18,18
test_2492.jpg,3264,2448,273,264,242,31,22,2,29,20,49,53
test_2493.jpg,2560,1920,126,137,116,10,21,3,7,18,25,31
test_2494.jpg,1920,2560,111,18,14,97,4,2,95,2,97,101
test_2495.jpg,2322,4128,131,207,114,17,93,14,3,79,82,110
test_2496.jpg,2448,3264,180,190,176,4,14,2,2,12,14,18
test_2497.jpg,3024,4032,200,223,199,1,24,1,0,23,23,25
test_2498.jpg,2340,4160,121,139,105,16,34,14,2,20,22,50
test_2499.jpg,1920,2560,119,124,101,18,23,8,10,15,25,41
test_25.jpg,1920,2560,128,142,124,4,18,1,3,17,20,22
test_250.jpg,2592,4608,158,170,149,9,21,4,5,17,22,30
test_2500.jpg,2560,1920,132,140,129,3,11,1,2,10,12,14
test_2501.jpg,2448,3264,188,338,146,42,192,22,20,170,190,234
test_2502.jpg,2336,4160,159,160,154,5,6,1,4,5,9,11
test_2503.jpg,2560,1920,134,177,129,5,48,2,3,46,49,53
test_2504.jpg,2448,3264,124,134,123,1,11,1,0,10,10,12
test_2505.jpg,2340,4160,96,115,82,14,33,7,7,26,33,47
test_2506.jpg,2448,3264,161,181,123,38,58,7,31,51,82,96
test_2507.jpg,1920,2560,115,130,96,19,34,10,9,24,33,53
test_2508.jpg,2448,3264,238,255,226,12,29,11,1,18,19,41
test_2509.jpg,1920,2560,164,173,157,7,16,2,5,14,19,23
test_251.jpg,2448,3264,106,137,103,3,34,1,2,33,35,37
test_2510.jpg,2448,3264,79,144,74,5,70,4,1,66,67,75
test_2511.jpg,3120,4208,156,179,147,9,32,5,4,27,31,41
test_2512.jpg,2448,3264,133,190,109,24,81,8,16,73,89,105
test_2513.jpg,1920,2560,141,139,116,25,23,2,23,21,44,48
test_2514.jpg,2448,3264,143,157,131,12,26,5,7,21,28,38
test_2515.jpg,2340,4160,152,160,135,17,25,6,11,19,30,42
test_2516.jpg,3264,2448,86,143,86,0,57,0,0,57,57,57
test_2517.jpg,3120,4160,221,234,193,28,41,6,22,35,57,69
test_2518.jpg,2448,3264,130,140,125,5,15,3,2,12,14,20
test_2519.jpg,1920,2560,126,143,125,1,18,0,1,18,19,19
test_252.jpg,1920,2560,160,211,145,15,66,9,6,57,63,81
test_2520.jpg,1920,2560,159,187,158,1,29,1,0,28,28,30
test_2521.jpg,2336,4160,143,161,136,7,25,3,4,22,26,32
test_2522.jpg,1920,2560,127,142,102,25,40,12,13,28,41,65
test_2523.jpg,2560,1920,122,160,112,10,48,4,6,44,50,58
test_2524.jpg,2448,3264,119,152,110,9,42,6,3,36,39,51
test_2525.jpg,1920,2560,126,142,104,22,38,7,15,31,46,60
test_2526.jpg,3120,4160,212,334,166,46,168,28,18,140,158,214
test_2527.jpg,1920,2560,137,155,129,8,26,6,2,20,22,34
test_2528.jpg,1920,2560,140,144,134,6,10,3,3,7,10,16
test_2529.jpg,2336,4160,111,113,95,16,18,4,12,14,26,34
test_253.jpg,2448,3264,163,227,163,0,64,0,0,64,64,64
test_2530.jpg,3120,4208,155,194,143,12,51,6,6,45,51,63
test_2531.jpg,2336,4160,213,223,196,17,27,9,8,18,26,44
test_2532.jpg,2448,3264,106,99,78,28,21,5,23,16,39,49
test_2533.jpg,1920,2560,119,132,117,2,15,1,1,14,15,17
test_2534.jpg,2448,3264,114,126,105,9,21,6,3,15,18,30
test_2535.jpg,2448,3264,155,166,135,20,31,5,15,26,41,51
test_2536.jpg,2448,3264,141,152,137,4,15,2,2,13,15,19
test_2537.jpg,2448,3264,132,138,117,15,21,6,9,15,24,36
test_2538.jpg,3120,4208,178,186,177,1,9,1,0,8,8,10
test_2539.jpg,1920,2560,157,163,142,15,21,5,10,16,26,36
test_254.jpg,2448,3264,122,155,110,12,45,10,2,35,37,57
test_2540.jpg,2448,3264,138,162,133,5,29,3,2,26,28,34
test_2541.jpg,2560,1920,177,190,177,0,13,0,0,13,13,13
test_2542.jpg,2448,3264,130,151,117,13,34,6,7,28,35,47
test_2543.jpg,1920,2560,209,238,170,39,68,20,19,48,67,107
test_2544.jpg,2560,1920,165,199,161,4,38,2,2,36,38,42
test_2545.jpg,2988,5312,111,147,104,7,43,6,1,37,38,50
test_2546.jpg,2448,3264,135,142,115,20,27,15,5,12,17,47
test_2547.jpg,1920,2560,123,130,121,2,9,1,1,8,9,11
test_2548.jpg,2336,4160,143,147,128,15,19,3,12,16,28,34
test_2549.jpg,2448,3264,233,246,232,1,14,0,1,14,15,15
test_255.jpg,1920,2560,138,152,137,1,15,0,1,15,16,16
test_2550.jpg,1920,2560,147,154,147,0,7,0,0,7,7,7
test_2551.jpg,2448,3264,117,166,100,17,66,9,8,57,65,83
test_2552.jpg,2448,3264,121,143,106,15,37,10,5,27,32,52
test_2553.jpg,1920,2560,125,140,121,4,19,2,2,17,19,23
test_2554.jpg,2560,1920,118,153,112,6,41,3,3,38,41,47
test_2555.jpg,2448,3264,107,140,83,24,57,14,10,43,53,81
test_2556.jpg,1920,2560,146,149,144,2,5,1,1,4,5,7
test_2557.jpg,1920,2560,144,164,132,12,32,8,4,24,28,44
test_2558.jpg,2268,4032,85,108,80,5,28,2,3,26,29,33
test_2559.jpg,1920,2560,141,152,140,1,12,0,1,12,13,13
test_256.jpg,2448,3264,144,142,137,7,5,0,7,5,12,12
test_2560.jpg,2448,3264,109,126,107,2,19,0,2,19,21,21
test_2561.jpg,2448,3264,155,184,149,6,35,4,2,31,33,41
test_2562.jpg,2448,3264,147,148,133,14,15,2,12,13,25,29
test_2563.jpg,2340,4160,105,110,102,3,8,1,2,7,9,11
test_2564.jpg,2336,4160,143,137,113,30,24,6,24,18,42,54
test_2565.jpg,1920,2560,48,36,21,27,15,2,25,13,38,42
test_2566.jpg,2448,3264,120,152,119,1,33,1,0,32,32,34
test_2567.jpg,2448,3264,109,160,105,4,55,1,3,54,57,59
test_2568.jpg,3264,2448,213,132,116,97,16,0,97,16,113,113
test_2569.jpg,2160,3840,126,143,120,6,23,5,1,18,19,29
test_257.jpg,4160,2336,126,133,99,27,34,10,17,24,41,61
test_2570.jpg,2448,3264,134,164,111,23,53,13,10,40,50,76
test_2571.jpg,2448,3264,129,137,117,12,20,5,7,15,22,32
test_2572.jpg,2448,3264,162,234,157,5,77,3,2,74,76,82
test_2573.jpg,2448,3264,174,186,170,4,16,3,1,13,14,20
test_2574.jpg,2448,3264,132,211,124,8,87,5,3,82,85,95
test_2575.jpg,2336,4160,141,152,139,2,13,1,1,12,13,15
test_2576.jpg,2336,4160,138,148,135,3,13,3,0,10,10,16
test_2577.jpg,2336,4160,127,144,116,11,28,7,4,21,25,39
test_2578.jpg,2560,1920,118,203,86,32,117,10,22,107,129,149
test_2579.jpg,3024,3024,132,159,132,0,27,0,0,27,27,27
test_258.jpg,2448,3264,129,153,115,14,38,8,6,30,36,52
test_2580.jpg,2448,3264,138,139,115,23,24,4,19,20,39,47
test_2581.jpg,2340,4160,131,134,121,10,13,3,7,10,17,23
test_2582.jpg,2448,3264,131,137,115,16,22,5,11,17,28,38
test_2583.jpg,2340,4160,146,184,107,39,77,19,20,58,78,116
test_2584.jpg,2448,3264,135,141,131,4,10,2,2,8,10,14
test_2585.jpg,1920,2560,129,150,127,2,23,0,2,23,25,25
test_2586.jpg,2336,4160,148,143,136,12,7,3,9,4,13,19
test_2587.jpg,1920,2560,121,139,115,6,24,4,2,20,22,30
test_2588.jpg,2560,1920,135,162,132,3,30,2,1,28,29,33
test_2589.jpg,2448,3264,107,133,84,23,49,13,10,36,46,72
test_259.jpg,2448,3264,112,133,97,15,36,5,10,31,41,51
test_2590.jpg,2448,3264,102,111,89,13,22,3,10,19,29,35
test_2591.jpg,2448,3264,126,352,79,47,273,40,7,233,240,320
test_2592.jpg,3024,4032,127,129,125,2,4,0,2,4,6,6
test_2593.jpg,1920,2560,128,133,127,1,6,0,1,6,7,7
test_2594.jpg,1920,2560,174,183,173,1,10,1,0,9,9,11
test_2595.jpg,2336,4160,151,155,141,10,14,3,7,11,18,24
test_2596.jpg,1920,2560,132,134,124,8,10,1,7,9,16,18
test_2597.jpg,3264,2448,142,152,142,0,10,0,0,10,10,10
test_2598.jpg,2560,1920,121,127,117,4,10,3,1,7,8,14
test_2599.jpg,2448,3264,121,178,119,2,59,1,1,58,59,61
test_26.jpg,2340,4160,105,124,98,7,26,4,3,22,25,33
test_260.jpg,4160,2340,139,170,130,9,40,6,3,34,37,49
test_2600.jpg,3264,2448,134,130,112,22,18,5,17,13,30,40
test_2601.jpg,1920,2560,108,109,106,2,3,0,2,3,5,5
test_2602.jpg,2448,3264,123,142,119,4,23,1,3,22,25,27
test_2603.jpg,1920,2560,139,190,132,7,58,5,2,53,55,65
test_2604.jpg,1920,2560,143,135,93,50,42,12,38,30,68,92
test_2605.jpg,2448,3264,207,219,163,44,56,17,27,39,66,100
test_2606.jpg,2448,3264,123,130,112,11,18,3,8,15,23,29
test_2607.jpg,1920,2560,139,162,126,13,36,10,3,26,29,49
test_2608.jpg,2336,4160,178,190,158,20,32,17,3,15,18,52
test_2609.jpg,2448,3264,131,149,127,4,22,2,2,20,22,26
test_261.jpg,2336,4160,139,144,135,4,9,0,4,9,13,13
test_2610.jpg,2448,3264,89,167,84,5,83,3,2,80,82,88
test_2611.jpg,2448,3264,138,154,133,5,21,2,3,19,22,26
test_2612.jpg,1920,2560,144,154,131,13,23,1,12,22,34,36
test_2613.jpg,2448,3264,133,155,76,57,79,37,20,42,62,136
test_2614.jpg,2448,3264,126,138,119,7,19,5,2,14,16,26
test_2615.jpg,2448,3264,198,233,184,14,49,7,7,42,49,63
test_2616.jpg,1920,2560,121,133,121,0,12,0,0,12,12,12
test_2617.jpg,2560,1920,111,118,93,18,25,4,14,21,35,43
test_2618.jpg,2448,3264,143,150,141,2,9,1,1,8,9,11
test_2619.jpg,1920,2560,133,144,133,0,11,0,0,11,11,11
test_262.jpg,1920,2560,130,148,112,18,36,12,6,24,30,54
test_2620.jpg,2988,5312,135,140,131,4,9,1,3,8,11,13
test_2621.jpg,3264,2448,222,268,206,16,62,9,7,53,60,78
test_2622.jpg,2448,3264,174,187,163,11,24,4,7,20,27,35
test_2623.jpg,1920,2560,123,136,117,6,19,3,3,16,19,25
test_2624.jpg,3120,4208,121,123,110,11,13,3,8,10,18,24
test_2625.jpg,2340,4160,129,141,116,13,25,6,7,19,26,38
test_2626.jpg,2448,3264,171,190,168,3,22,2,1,20,21,25
test_2627.jpg,1920,2560,87,130,78,9,52,6,3,46,49,61
test_2628.jpg,2448,3264,128,217,119,9,98,7,2,91,93,107
test_2629.jpg,2340,4160,118,142,107,11,35,3,8,32,40,46
test_263.jpg,2322,4128,148,194,137,11,57,8,3,49,52,68
test_2630.jpg,2336,4160,120,155,117,3,38,2,1,36,37,41
test_2631.jpg,1920,2560,133,131,119,14,12,4,10,8,18,26
test_2632.jpg,2448,3264,162,178,156,6,22,5,1,17,18,28
test_2633.jpg,2448,3264,120,124,113,7,11,2,5,9,14,18
test_2634.jpg,2560,1920,127,146,111,16,35,5,11,30,41,51
test_2635.jpg,1920,2560,178,181,166,12,15,4,8,11,19,27
test_2636.jpg,2368,4208,127,161,123,4,38,3,1,35,36,42
test_2637.jpg,2988,5312,107,117,90,17,27,7,10,20,30,44
test_2638.jpg,2592,4608,153,167,147,6,20,1,5,19,24,26
test_2639.jpg,2560,1920,157,185,154,3,31,1,2,30,32,34
test_264.jpg,3264,2448,25,135,11,14,124,5,9,119,128,138
test_2640.jpg,2560,1920,246,269,215,31,54,16,15,38,53,85
test_2641.jpg,1920,2560,115,115,102,13,13,1,12,12,24,26
test_2642.jpg,1920,2560,137,148,132,5,16,2,3,14,17,21
test_2643.jpg,2448,3264,134,162,123,11,39,8,3,31,34,50
test_2644.jpg,2336,4160,132,149,124,8,25,4,4,21,25,33
test_2645.jpg,2448,3264,110,127,107,3,20,2,1,18,19,23
test_2646.jpg,3120,4160,148,152,126,22,26,9,13,17,30,48
test_2647.jpg,3120,4208,160,162,158,2,4,0,2,4,6,6
test_2648.jpg,2336,4160,158,165,109,49,56,20,29,36,65,105
test_2649.jpg,2448,3264,149,160,122,27,38,11,16,27,43,65
test_265.jpg,2448,3264,123,163,113,10,50,2,8,48,56,60
test_2650.jpg,2448,3264,155,183,147,8,36,6,2,30,32,44
test_2651.jpg,2368,4224,133,151,132,1,19,1,0,18,18,20
test_2652.jpg,2448,3264,162,174,160,2,14,1,1,13,14,16
test_2653.jpg,1920,2560,149,159,142,7,17,1,6,16,22,24
test_2654.jpg,2448,3264,116,146,112,4,34,3,1,31,32,38
test_2655.jpg,2448,3264,112,142,112,0,30,0,0,30,30,30
test_2656.jpg,2448,3264,143,190,134,9,56,8,1,48,49,65
test_2657.jpg,2448,3264,136,146,102,34,44,18,16,26,42,78
test_2658.jpg,2592,1936,161,170,157,4,13,3,1,10,11,17
test_2659.jpg,1920,2560,179,203,164,15,39,9,6,30,36,54
test_266.jpg,1920,2560,118,129,118,0,11,0,0,11,11,11
test_2660.jpg,2322,4128,154,158,143,11,15,5,6,10,16,26
test_2661.jpg,2336,4160,152,151,140,12,11,4,8,7,15,23
test_2662.jpg,2448,3264,154,158,149,5,9,1,4,8,12,14
test_2663.jpg,2340,4160,144,210,138,6,72,5,1,67,68,78
test_2664.jpg,2336,4160,119,134,116,3,18,3,0,15,15,21
test_2665.jpg,1920,2560,136,132,114,22,18,5,17,13,30,40
test_2666.jpg,1920,2560,189,203,182,7,21,1,6,20,26,28
test_2667.jpg,2336,4160,130,155,127,3,28,1,2,27,29,31
test_2668.jpg,2448,3264,124,146,119,5,27,1,4,26,30,32
test_2669.jpg,2160,3840,180,194,165,15,29,5,10,24,34,44
test_267.jpg,1920,2560,147,166,139,8,27,2,6,25,31,35
test_2670.jpg,1920,2560,124,136,123,1,13,1,0,12,12,14
test_2671.jpg,2448,3264,140,167,133,7,34,3,4,31,35,41
test_2672.jpg,2160,3840,198,222,179,19,43,5,14,38,52,62
test_2673.jpg,2340,4160,159,167,143,16,24,5,11,19,30,40
test_2674.jpg,2448,3264,108,142,106,2,36,0,2,36,38,38
test_2675.jpg,2448,3264,127,156,123,4,33,4,0,29,29,37
test_2676.jpg,2448,3264,147,161,142,5,19,0,5,19,24,24
test_2677.jpg,2448,3264,163,165,141,22,24,1,21,23,44,46
test_2678.jpg,2448,3264,154,158,144,10,14,1,9,13,22,24
test_2679.jpg,2448,3264,111,140,105,6,35,3,3,32,35,41
test_268.jpg,2448,3264,129,144,119,10,25,5,5,20,25,35
test_2680.jpg,2448,3264,106,123,105,1,18,0,1,18,19,19
test_2681.jpg,2448,3264,384,228,163,221,65,27,194,38,232,286
test_2682.jpg,3120,4208,192,188,167,25,21,4,21,17,38,46
test_2683.jpg,2448,3264,124,137,120,4,17,1,3,16,19,21
test_2684.jpg,2448,3264,150,162,141,9,21,5,4,16,20,30
test_2685.jpg,4128,3096,154,168,139,15,29,7,8,22,30,44
test_2686.jpg,3024,3024,230,308,206,24,102,9,15,93,108,126
test_2687.jpg,1920,2560,100,171,100,0,71,0,0,71,71,71
test_2688.jpg,2448,3264,135,167,109,26,58,8,18,50,68,84
test_2689.jpg,2448,3264,105,119,83,22,36,13,9,23,32,58
test_269.jpg,2160,3840,123,135,114,9,21,5,4,16,20,30
test_2690.jpg,2336,4160,137,138,127,10,11,1,9,10,19,21
test_2691.jpg,2448,3264,159,299,85,74,214,34,40,180,220,288
test_2692.jpg,2560,1920,270,410,226,44,184,35,9,149,158,228
test_2693.jpg,2160,3840,107,128,103,4,25,1,3,24,27,29
test_2694.jpg,2448,3264,114,132,112,2,20,1,1,19,20,22
test_2695.jpg,480,640,71,139,47,24,92,19,5,73,78,116
test_2696.jpg,1920,2560,139,120,89,50,31,11,39,20,59,81
test_2697.jpg,2560,1920,127,192,121,6,71,5,1,66,67,77
test_2698.jpg,2448,3264,123,130,114,9,16,1,8,15,23,25
test_2699.jpg,4160,2340,115,146,108,7,38,3,4,35,39,45
test_27.jpg,1920,2560,161,97,49,112,48,21,91,27,118,160
test_270.jpg,2336,4160,100,207,100,0,107,0,0,107,107,107
test_2700.jpg,2448,3264,185,190,179,6,11,1,5,10,15,17
test_2701.jpg,2448,3264,374,260,229,145,31,8,137,23,160,176
test_2702.jpg,2448,3264,120,114,79,41,35,11,30,24,54,76
test_2703.jpg,2336,4160,154,212,125,29,87,16,13,71,84,116
test_2704.jpg,2336,4160,345,364,341,4,23,2,2,21,23,27
test_2705.jpg,3264,2448,160,154,123,37,31,13,24,18,42,68
test_2706.jpg,1920,2560,186,191,185,1,6,0,1,6,7,7
test_2707.jpg,2448,3264,214,211,201,13,10,3,10,7,17,23
test_2708.jpg,2336,4160,147,152,144,3,8,1,2,7,9,11
test_2709.jpg,2448,3264,340,313,276,64,37,16,48,21,69,101
test_271.jpg,2448,3264,120,132,116,4,16,3,1,13,14,20
test_2710.jpg,2448,3264,142,164,140,2,24,1,1,23,24,26
test_2711.jpg,2448,3264,112,142,109,3,33,2,1,31,32,36
test_2712.jpg,2448,3264,138,163,137,1,26,1,0,25,25,27
test_2713.jpg,2340,4160,146,138,119,27,19,11,16,8,24,46
test_2714.jpg,2560,1920,165,171,139,26,32,12,14,20,34,58
test_2715.jpg,3120,4208,115,134,103,12,31,7,5,24,29,43
test_2716.jpg,2448,3264,127,139,125,2,14,2,0,12,12,16
test_2717.jpg,2448,3264,193,208,180,13,28,6,7,22,29,41
test_2718.jpg,2160,3840,207,229,161,46,68,24,22,44,66,114
test_2719.jpg,2160,3840,144,152,137,7,15,2,5,13,18,22
test_272.jpg,2448,3264,172,200,130,42,70,33,9,37,46,112
test_2720.jpg,2448,3264,135,153,135,0,18,0,0,18,18,18
test_2721.jpg,2340,4160,225,218,203,22,15,4,18,11,29,37
test_2722.jpg,1920,2560,136,151,132,4,19,3,1,16,17,23
test_2723.jpg,2448,3264,127,157,124,3,33,0,3,33,36,36
test_2724.jpg,2448,3264,116,122,103,13,19,3,10,16,26,32
test_2725.jpg,2560,1920,128,134,123,5,11,3,2,8,10,16
test_2726.jpg,2448,3264,157,170,149,8,21,4,4,17,21,29
test_2727.jpg,2448,3264,133,256,102,31,154,16,15,138,153,185
test_2728.jpg,2448,3264,114,136,111,3,25,2,1,23,24,28
test_2729.jpg,2340,4160,141,150,126,15,24,5,10,19,29,39
test_273.jpg,2448,3264,163,181,131,32,50,15,17,35,52,82
test_2730.jpg,2448,3264,137,153,125,12,28,9,3,19,22,40
test_2731.jpg,2448,3264,142,148,136,6,12,3,3,9,12,18
test_2732.jpg,1920,2560,138,175,129,9,46,6,3,40,43,55
test_2733.jpg,2592,4608,143,159,105,38,54,22,16,32,48,92
test_2734.jpg,2448,3264,139,151,135,4,16,2,2,14,16,20
test_2735.jpg,2304,4096,110,170,102,8,68,8,0,60,60,76
test_2736.jpg,2448,3264,138,170,134,4,36,3,1,33,34,40
test_2737.jpg,2448,3264,96,132,78,18,54,9,9,45,54,72
test_2738.jpg,1920,2560,145,158,134,11,24,4,7,20,27,35
test_2739.jpg,2160,3840,146,163,131,15,32,13,2,19,21,47
test_274.jpg,2448,3264,127,0,0,127,0,0,127,0,127,127
test_2740.jpg,2448,3264,158,164,136,22,28,3,19,25,44,50
test_2741.jpg,2448,3264,134,146,114,20,32,7,13,25,38,52
test_2742.jpg,2448,3264,114,147,114,0,33,0,0,33,33,33
test_2743.jpg,1920,2560,184,217,155,29,62,14,15,48,63,91
test_2744.jpg,2336,4160,151,159,147,4,12,1,3,11,14,16
test_2745.jpg,1920,2560,156,201,147,9,54,3,6,51,57,63
test_2746.jpg,2448,3264,132,155,129,3,26,1,2,25,27,29
test_2747.jpg,1920,2560,178,201,172,6,29,4,2,25,27,35
test_2748.jpg,2336,4160,136,146,128,8,18,5,3,13,16,26
test_2749.jpg,1920,2560,174,179,172,2,7,1,1,6,7,9
test_275.jpg,1920,2560,134,140,130,4,10,1,3,9,12,14
test_2750.jpg,2448,3264,121,142,117,4,25,2,2,23,25,29
test_2751.jpg,2448,3264,143,148,137,6,11,4,2,7,9,17
test_2752.jpg,2448,3264,108,131,99,9,32,5,4,27,31,41
test_2753.jpg,3264,2448,258,225,181,77,44,10,67,34,101,121
test_2754.jpg,2336,4160,157,175,142,15,33,11,4,22,26,48
test_2755.jpg,2592,4608,96,99,83,13,16,4,9,12,21,29
test_2756.jpg,3264,2448,160,223,140,20,83,8,12,75,87,103
test_2757.jpg,3264,2448,65,111,64,1,47,1,0,46,46,48
test_2758.jpg,1920,2560,119,168,116,3,52,2,1,50,51,55
test_2759.jpg,2448,3264,121,133,118,3,15,1,2,14,16,18
test_276.jpg,2448,3264,138,140,136,2,4,1,1,3,4,6
test_2760.jpg,2560,1920,203,253,191,12,62,8,4,54,58,74
test_2761.jpg,2160,3840,110,109,87,23,22,9,14,13,27,45
test_2762.jpg,2336,4160,128,137,117,11,20,2,9,18,27,31
test_2763.jpg,2448,3264,132,136,120,12,16,7,5,9,14,28
test_2764.jpg,2592,4608,157,188,147,10,41,7,3,34,37,51
test_2765.jpg,1920,2560,127,144,123,4,21,1,3,20,23,25
test_2766.jpg,2448,3264,125,146,116,9,30,6,3,24,27,39
test_2767.jpg,2560,1920,203,245,194,9,51,4,5,47,52,60
test_2768.jpg,2448,3264,203,185,127,76,58,14,62,44,106,134
test_2769.jpg,1920,2560,129,128,120,9,8,1,8,7,15,17
test_277.jpg,2560,1920,132,156,131,1,25,1,0,24,24,26
test_2770.jpg,3264,2448,152,188,146,6,42,5,1,37,38,48
test_2771.jpg,2448,3264,149,194,146,3,48,2,1,46,47,51
test_2772.jpg,1920,2560,157,209,133,24,76,17,7,59,66,100
test_2773.jpg,2336,4160,120,162,112,8,50,5,3,45,48,58
test_2774.jpg,2448,3264,138,152,117,21,35,6,15,29,44,56
test_2775.jpg,2336,4160,128,150,114,14,36,10,4,26,30,50
test_2776.jpg,2448,3264,125,163,115,10,48,6,4,42,46,58
test_2777.jpg,1920,2560,164,177,146,18,31,9,9,22,31,49
test_2778.jpg,2448,3264,146,156,126,20,30,6,14,24,38,50
test_2779.jpg,1920,2560,135,157,129,6,28,6,0,22,22,34
test_278.jpg,2448,3264,115,207,80,35,127,14,21,113,134,162
test_2780.jpg,2448,3264,136,162,134,2,28,1,1,27,28,30
test_2781.jpg,2448,3264,120,135,117,3,18,3,0,15,15,21
test_2782.jpg,2448,3264,123,152,121,2,31,1,1,30,31,33
test_2783.jpg,2448,3264,155,188,128,27,60,9,18,51,69,87
test_2784.jpg,2560,1920,217,315,92,125,223,54,71,169,240,348
test_2785.jpg,2448,3264,115,132,105,10,27,6,4,21,25,37
test_2786.jpg,2560,1920,173,201,164,9,37,7,2,30,32,46
test_2787.jpg,3120,4160,138,173,136,2,37,0,2,37,39,39
test_2788.jpg,1920,2560,133,138,120,13,18,5,8,13,21,31
test_2789.jpg,3120,4208,153,158,151,2,7,1,1,6,7,9
test_279.jpg,2336,4160,120,133,93,27,40,15,12,25,37,67
test_2790.jpg,2448,3264,130,157,118,12,39,6,6,33,39,51
test_2791.jpg,2340,4160,134,140,129,5,11,2,3,9,12,16
test_2792.jpg,2340,4160,100,114,95,5,19,4,1,15,16,24
test_2793.jpg,1920,2560,113,143,113,0,30,0,0,30,30,30
test_2794.jpg,2448,3264,155,198,146,9,52,5,4,47,51,61
test_2795.jpg,1920,2560,162,172,155,7,17,3,4,14,18,24
test_2796.jpg,2448,3264,143,177,133,10,44,10,0,34,34,54
test_2797.jpg,2448,3264,138,149,133,5,16,1,4,15,19,21
test_2798.jpg,2448,3264,178,174,158,20,16,10,10,6,16,36
test_2799.jpg,2340,4160,148,164,137,11,27,8,3,19,22,38
test_28.jpg,1920,2560,125,138,125,0,13,0,0,13,13,13
test_280.jpg,2448,3264,119,135,116,3,19,3,0,16,16,22
test_2800.jpg,2448,3264,333,279,235,98,44,15,83,29,112,142
test_2801.jpg,2448,3264,122,136,118,4,18,0,4,18,22,22
test_2802.jpg,1920,2560,126,153,125,1,28,1,0,27,27,29
test_2803.jpg,2448,3264,126,130,119,7,11,1,6,10,16,18
test_2804.jpg,1920,2560,129,153,127,2,26,2,0,24,24,28
test_2805.jpg,2336,4160,153,156,138,15,18,6,9,12,21,33
test_2806.jpg,2448,3264,107,150,97,10,53,4,6,49,55,63
test_2807.jpg,2448,3264,204,261,161,43,100,37,6,63,69,143
test_2808.jpg,2268,4032,122,140,121,1,19,0,1,19,20,20
test_2809.jpg,2448,3264,125,150,120,5,30,5,0,25,25,35
test_281.jpg,2448,3264,142,170,128,14,42,8,6,34,40,56
test_2810.jpg,2448,3264,214,221,186,28,35,8,20,27,47,63
test_2811.jpg,1920,2560,130,128,111,19,17,6,13,11,24,36
test_2812.jpg,2448,3264,147,159,113,34,46,20,14,26,40,80
test_2813.jpg,2448,3264,117,146,116,1,30,1,0,29,29,31
test_2814.jpg,3024,4032,377,628,254,123,374,92,31,282,313,497
test_2815.jpg,2448,3264,158,178,151,7,27,4,3,23,26,34
test_2816.jpg,2448,3264,159,166,156,3,10,0,3,10,13,13
test_2817.jpg,3120,4160,127,139,126,1,13,0,1,13,14,14
test_2818.jpg,2448,3264,265,258,243,22,15,1,21,14,35,37
test_2819.jpg,1920,2560,136,154,135,1,19,1,0,18,18,20
test_282.jpg,1920,2560,176,195,168,8,27,2,6,25,31,35
test_2820.jpg,2448,3264,155,205,127,28,78,7,21,71,92,106
test_2821.jpg,3024,4032,139,188,136,3,52,2,1,50,51,55
test_2822.jpg,1920,2560,144,162,135,9,27,8,1,19,20,36
test_2823.jpg,2448,3264,183,149,109,74,40,15,59,25,84,114
test_2824.jpg,1920,2560,124,129,122,2,7,1,1,6,7,9
test_2825.jpg,2448,3264,254,267,236,18,31,3,15,28,43,49
test_2826.jpg,2448,3264,210,241,203,7,38,2,5,36,41,45
test_2827.jpg,1920,2560,92,238,86,6,152,1,5,151,156,158
test_2828.jpg,1920,2560,135,150,114,21,36,11,10,25,35,57
test_2829.jpg,3120,4160,189,216,171,18,45,4,14,41,55,63
test_283.jpg,2340,4160,188,173,150,38,23,14,24,9,33,61
test_2830.jpg,4160,2340,149,206,133,16,73,15,1,58,59,89
test_2831.jpg,2336,4160,162,173,143,19,30,11,8,19,27,49
test_2832.jpg,2336,4160,114,135,111,3,24,2,1,22,23,27
test_2833.jpg,1920,2560,143,144,126,17,18,7,10,11,21,35
test_2834.jpg,2448,3264,155,188,105,50,83,25,25,58,83,133
test_2835.jpg,2448,3264,147,163,142,5,21,3,2,18,20,26
test_2836.jpg,2560,1920,173,184,172,1,12,0,1,12,13,13
test_2837.jpg,2340,4160,155,161,143,12,18,7,5,11,16,30
test_2838.jpg,2448,3264,163,196,145,18,51,12,6,39,45,69
test_2839.jpg,3120,4160,156,177,154,2,23,1,1,22,23,25
test_284.jpg,1920,2560,117,135,98,19,37,12,7,25,32,56
test_2840.jpg,2340,4160,113,120,111,2,9,1,1,8,9,11
test_2841.jpg,2448,3264,147,166,144,3,22,1,2,21,23,25
test_2842.jpg,2448,3264,123,133,118,5,15,1,4,14,18,20
test_2843.jpg,2340,4160,118,125,113,5,12,4,1,8,9,17
test_2844.jpg,2448,3264,134,136,123,11,13,1,10,12,22,24
test_2845.jpg,1920,2560,129,169,121,8,48,4,4,44,48,56
test_2846.jpg,2340,4160,108,109,102,6,7,2,4,5,9,13
test_2847.jpg,2448,3264,166,179,163,3,16,3,0,13,13,19
test_2848.jpg,1920,2560,136,161,131,5,30,4,1,26,27,35
test_2849.jpg,1920,2560,132,133,119,13,14,4,9,10,19,27
test_285.jpg,2592,4608,199,210,168,31,42,15,16,27,43,73
test_2850.jpg,2336,4160,174,193,170,4,23,3,1,20,21,27
test_2851.jpg,2448,3264,129,131,123,6,8,2,4,6,10,14
test_2852.jpg,3024,3024,109,153,103,6,50,4,2,46,48,56
test_2853.jpg,2448,3264,129,164,128,1,36,0,1,36,37,37
test_2854.jpg,1920,2560,151,175,150,1,25,1,0,24,24,26
test_2855.jpg,2448,3264,132,173,132,0,41,0,0,41,41,41
test_2856.jpg,2340,4160,132,130,112,20,18,5,15,13,28,38
test_2857.jpg,2448,3264,169,190,158,11,32,6,5,26,31,43
test_2858.jpg,3024,4032,239,288,216,23,72,11,12,61,73,95
test_2859.jpg,3024,4032,136,150,135,1,15,0,1,15,16,16
test_286.jpg,1920,2560,110,136,96,14,40,3,11,37,48,54
test_2860.jpg,1920,2560,127,138,123,4,15,2,2,13,15,19
test_2861.jpg,2448,3264,173,167,142,31,25,9,22,16,38,56
test_2862.jpg,3840,2160,158,181,150,8,31,7,1,24,25,39
test_2863.jpg,3120,4208,152,155,145,7,10,2,5,8,13,17
test_2864.jpg,2592,4608,165,174,157,8,17,5,3,12,15,25
test_2865.jpg,2160,3840,169,183,159,10,24,4,6,20,26,34
test_2866.jpg,4320,2432,66,118,48,18,70,12,6,58,64,88
test_2867.jpg,2448,3264,138,153,128,10,25,3,7,22,29,35
test_2868.jpg,2448,3264,125,144,118,7,26,5,2,21,23,33
test_2869.jpg,2448,3264,165,197,151,14,46,9,5,37,42,60
test_287.jpg,2448,3264,278,353,236,42,117,15,27,102,129,159
test_2870.jpg,3120,4160,128,126,91,37,35,23,14,12,26,72
test_2871.jpg,2448,3264,134,144,128,6,16,4,2,12,14,22
test_2872.jpg,2448,3264,122,148,117,5,31,3,2,28,30,36
test_2873.jpg,4128,3096,187,226,185,2,41,2,0,39,39,43
test_2874.jpg,2448,3264,159,183,156,3,27,1,2,26,28,30
test_2875.jpg,1920,2560,165,185,162,3,23,1,2,22,24,26
test_2876.jpg,2340,4160,160,200,136,24,64,15,9,49,58,88
test_2877.jpg,3120,4160,171,257,102,69,155,45,24,110,134,224
test_2878.jpg,1920,2560,133,141,102,31,39,19,12,20,32,70
test_2879.jpg,1920,2560,121,130,118,3,12,0,3,12,15,15
test_288.jpg,1920,2560,132,140,130,2,10,1,1,9,10,12
test_2880.jpg,2448,3264,138,160,131,7,29,6,1,23,24,36
test_2881.jpg,2448,3264,134,137,132,2,5,1,1,4,5,7
test_2882.jpg,2448,3264,113,128,107,6,21,5,1,16,17,27
test_2883.jpg,2368,4224,121,158,110,11,48,10,1,38,39,59
test_2884.jpg,1920,2560,197,223,194,3,29,3,0,26,26,32
test_2885.jpg,2448,3264,119,136,108,11,28,7,4,21,25,39
test_2886.jpg,2448,3264,131,147,123,8,24,4,4,20,24,32
test_2887.jpg,1920,2560,117,133,111,6,22,4,2,18,20,28
test_2888.jpg,3264,2448,157,175,148,9,27,4,5,23,28,36
test_2889.jpg,2448,3264,116,120,96,20,24,6,14,18,32,44
test_289.jpg,1920,2560,139,152,139,0,13,0,0,13,13,13
test_2890.jpg,2448,3264,129,138,125,4,13,1,3,12,15,17
test_2891.jpg,3024,4032,169,189,168,1,21,1,0,20,20,22
test_2892.jpg,1920,2560,131,148,123,8,25,4,4,21,25,33
test_2893.jpg,2340,4160,170,177,160,10,17,5,5,12,17,27
test_2894.jpg,2448,3264,126,150,109,17,41,6,11,35,46,58
test_2895.jpg,3264,2448,119,150,112,7,38,2,5,36,41,45
test_2896.jpg,3120,4160,174,195,149,25,46,12,13,34,47,71
test_2897.jpg,2448,3264,194,214,181,13,33,6,7,27,34,46
test_2898.jpg,2336,4160,164,152,130,34,22,12,22,10,32,56
test_2899.jpg,1920,2560,169,179,153,16,26,5,11,21,32,42
test_29.jpg,1920,2560,144,160,142,2,18,0,2,18,20,20
test_290.jpg,2592,4608,136,149,133,3,16,0,3,16,19,19
test_2900.jpg,2448,3264,153,248,138,15,110,8,7,102,109,125
test_2901.jpg,3264,2448,184,187,173,11,14,4,7,10,17,25
test_2902.jpg,1920,2560,214,242,201,13,41,7,6,34,40,54
test_2903.jpg,3120,4160,202,212,180,22,32,9,13,23,36,54
test_2904.jpg,2336,4160,148,165,147,1,18,1,0,17,17,19
test_2905.jpg,2448,3264,154,153,128,26,25,11,15,14,29,51
test_2906.jpg,2336,4160,115,117,104,11,13,0,11,13,24,24
test_2907.jpg,2448,3264,226,240,218,8,22,0,8,22,30,30
test_2908.jpg,2160,3840,158,177,147,11,30,8,3,22,25,41
test_2909.jpg,2448,3264,126,150,123,3,27,1,2,26,28,30
test_291.jpg,2340,4160,131,121,110,21,11,4,17,7,24,32
test_2910.jpg,2560,1920,218,241,216,2,25,0,2,25,27,27
test_2911.jpg,2336,4160,421,477,395,26,82,18,8,64,72,108
test_2912.jpg,1920,2560,110,135,108,2,27,2,0,25,25,29
test_2913.jpg,1920,2560,122,129,120,2,9,1,1,8,9,11
test_2914.jpg,2160,3840,193,211,181,12,30,5,7,25,32,42
test_2915.jpg,2340,4160,115,123,103,12,20,9,3,11,14,32
test_2916.jpg,2448,3264,116,110,88,28,22,9,19,13,32,50
test_2917.jpg,1920,2560,156,158,136,20,22,9,11,13,24,42
test_2918.jpg,1920,2560,185,160,140,45,20,3,42,17,59,65
test_2919.jpg,2340,4160,153,154,120,33,34,9,24,25,49,67
test_292.jpg,2448,3264,109,126,107,2,19,1,1,18,19,21
test_2920.jpg,2448,3264,119,178,100,19,78,4,15,74,89,97
test_2921.jpg,2340,4160,130,134,129,1,5,0,1,5,6,6
test_2922.jpg,2340,4160,175,196,160,15,36,12,3,24,27,51
test_2923.jpg,2448,3264,141,173,137,4,36,2,2,34,36,40
test_2924.jpg,3264,2448,171,280,146,25,134,21,4,113,117,159
test_2925.jpg,3024,3024,123,131,111,12,20,7,5,13,18,32
test_2926.jpg,2448,3264,132,149,121,11,28,6,5,22,27,39
test_2927.jpg,2560,1920,219,258,215,4,43,1,3,42,45,47
test_2928.jpg,1920,2560,132,153,123,9,30,7,2,23,25,39
test_2929.jpg,2448,3264,146,163,141,5,22,0,5,22,27,27
test_293.jpg,1920,2560,111,140,108,3,32,3,0,29,29,35
test_2930.jpg,2336,4160,115,148,104,11,44,6,5,38,43,55
test_2931.jpg,1920,2560,149,154,123,26,31,9,17,22,39,57
test_2932.jpg,2448,3264,176,170,148,28,22,1,27,21,48,50
test_2933.jpg,2340,4160,158,179,151,7,28,0,7,28,35,35
test_2934.jpg,2448,3264,145,151,127,18,24,3,15,21,36,42
test_2935.jpg,2448,3264,147,152,136,11,16,3,8,13,21,27
test_2936.jpg,2448,3264,133,142,127,6,15,4,2,11,13,21
test_2937.jpg,2368,4224,145,155,138,7,17,3,4,14,18,24
test_2938.jpg,2336,4160,139,146,130,9,16,4,5,12,17,25
test_2939.jpg,1920,2560,122,135,121,1,14,0,1,14,15,15
test_294.jpg,2448,3264,72,47,20,52,27,10,42,17,59,79
test_2940.jpg,1920,2560,130,154,124,6,30,3,3,27,30,36
test_295.jpg,2448,3264,193,155,130,63,25,6,57,19,76,88
test_296.jpg,1920,2560,128,139,126,2,13,1,1,12,13,15
test_297.jpg,2336,4160,142,130,74,68,56,31,37,25,62,124
test_298.jpg,2560,1920,177,188,154,23,34,9,14,25,39,57
test_299.jpg,2448,3264,117,182,103,14,79,12,2,67,69,93
test_3.jpg,1920,2560,93,127,70,23,57,16,7,41,48,80
test_30.jpg,2336,4160,228,239,226,2,13,2,0,11,11,15
test_300.jpg,2160,3840,159,178,150,9,28,6,3,22,25,37
test_301.jpg,2448,3264,114,114,103,11,11,1,10,10,20,22
test_302.jpg,3120,4160,233,281,224,9,57,4,5,53,58,66
test_303.jpg,2448,3264,172,174,164,8,10,1,7,9,16,18
test_304.jpg,1920,2560,125,129,111,14,18,9,5,9,14,32
test_305.jpg,2448,3264,143,175,125,18,50,12,6,38,44,68
test_306.jpg,2340,4160,172,183,168,4,15,1,3,14,17,19
test_307.jpg,2448,3264,128,127,113,15,14,5,10,9,19,29
test_308.jpg,1920,2560,131,143,123,8,20,5,3,15,18,28
test_309.jpg,2560,1920,147,195,144,3,51,2,1,49,50,54
test_31.jpg,2268,4032,120,136,119,1,17,1,0,16,16,18
test_310.jpg,2448,3264,147,184,127,20,57,7,13,50,63,77
test_311.jpg,2160,3840,148,153,106,42,47,16,26,31,57,89
test_312.jpg,2448,3264,79,114,74,5,40,3,2,37,39,45
test_313.jpg,1920,2560,157,126,106,51,20,11,40,9,49,71
test_314.jpg,2340,4160,221,220,201,20,19,4,16,15,31,39
test_315.jpg,4096,2304,186,203,169,17,34,8,9,26,35,51
test_316.jpg,1920,2560,123,144,120,3,24,3,0,21,21,27
test_317.jpg,2160,3840,95,146,70,25,76,14,11,62,73,101
test_318.jpg,3024,3024,201,209,170,31,39,7,24,32,56,70
test_319.jpg,2448,3264,172,194,145,27,49,16,11,33,44,76
test_32.jpg,2448,3264,135,147,119,16,28,8,8,20,28,44
test_320.jpg,2448,3264,115,144,115,0,29,0,0,29,29,29
test_321.jpg,2448,3264,118,174,111,7,63,5,2,58,60,70
test_322.jpg,2448,3264,101,141,94,7,47,5,2,42,44,54
test_323.jpg,3264,2448,151,188,143,8,45,8,0,37,37,53
test_324.jpg,2336,4160,125,130,122,3,8,3,0,5,5,11
test_325.jpg,2448,3264,119,131,116,3,15,3,0,12,12,18
test_326.jpg,2448,3264,112,127,100,12,27,4,8,23,31,39
test_327.jpg,2448,3264,146,188,122,24,66,17,7,49,56,90
test_328.jpg,2368,4224,133,158,131,2,27,2,0,25,25,29
test_329.jpg,2448,3264,129,157,111,18,46,14,4,32,36,64
test_33.jpg,1920,2560,135,145,121,14,24,6,8,18,26,38
test_330.jpg,2448,3264,148,160,139,9,21,4,5,17,22,30
test_331.jpg,1920,2560,133,136,128,5,8,1,4,7,11,13
test_332.jpg,2448,3264,112,152,91,21,61,9,12,52,64,82
test_333.jpg,2448,3264,197,208,190,7,18,6,1,12,13,25
test_334.jpg,2340,4160,102,110,87,15,23,5,10,18,28,38
test_335.jpg,1920,2560,119,132,118,1,14,1,0,13,13,15
test_336.jpg,2448,3264,156,156,117,39,39,9,30,30,60,78
test_337.jpg,3104,4192,111,124,97,14,27,7,7,20,27,41
test_338.jpg,1920,2560,135,147,126,9,21,6,3,15,18,30
test_339.jpg,2336,4160,154,181,146,8,35,4,4,31,35,43
test_34.jpg,2448,3264,125,137,102,23,35,4,19,31,50,58
test_340.jpg,2160,3840,137,145,129,8,16,1,7,15,22,24
test_341.jpg,4160,3120,163,189,153,10,36,5,5,31,36,46
test_342.jpg,2448,3264,157,163,155,2,8,1,1,7,8,10
test_343.jpg,2448,3264,147,217,137,10,80,9,1,71,72,90
test_344.jpg,2336,4160,123,199,117,6,82,4,2,78,80,88
test_345.jpg,1920,2560,156,165,155,1,10,0,1,10,11,11
test_346.jpg,2160,3840,126,131,116,10,15,4,6,11,17,25
test_347.jpg,3024,4032,159,166,154,5,12,2,3,10,13,17
test_348.jpg,2340,4160,107,119,101,6,18,4,2,14,16,24
test_349.jpg,2448,3264,123,170,116,7,54,5,2,49,51,61
test_35.jpg,2448,3264,127,118,88,39,30,10,29,20,49,69
test_350.jpg,2160,3840,213,236,207,6,29,6,0,23,23,35
test_351.jpg,2400,3200,248,295,247,1,48,1,0,47,47,49
test_352.jpg,1920,2560,161,181,160,1,21,1,0,20,20,22
test_353.jpg,1920,2560,142,164,142,0,22,0,0,22,22,22
test_354.jpg,3264,2448,189,141,118,71,23,3,68,20,88,94
test_355.jpg,2448,3264,115,133,102,13,31,3,10,28,38,44
test_356.jpg,1920,2560,131,144,125,6,19,2,4,17,21,25
test_357.jpg,3264,2448,151,174,135,16,39,7,9,32,41,55
test_358.jpg,2448,3264,127,135,109,18,26,9,9,17,26,44
test_359.jpg,2340,4160,155,163,145,10,18,7,3,11,14,28
test_36.jpg,2448,3264,139,152,131,8,21,5,3,16,19,29
test_360.jpg,1932,2576,65,70,55,10,15,6,4,9,13,25
test_361.jpg,2336,4160,167,172,146,21,26,9,12,17,29,47
test_362.jpg,2448,3264,130,155,126,4,29,3,1,26,27,33
test_363.jpg,2448,3264,134,148,113,21,35,11,10,24,34,56
test_364.jpg,2592,4608,127,150,118,9,32,6,3,26,29,41
test_365.jpg,3104,4192,151,169,135,16,34,8,8,26,34,50
test_366.jpg,2448,3264,109,137,108,1,29,1,0,28,28,30
test_367.jpg,1920,2560,129,148,129,0,19,0,0,19,19,19
test_368.jpg,2448,3264,137,136,116,21,20,9,12,11,23,41
test_369.jpg,2448,3264,205,260,195,10,65,4,6,61,67,75
test_37.jpg,2448,3264,239,265,223,16,42,9,7,33,40,58
test_370.jpg,2340,4160,148,139,115,33,24,15,18,9,27,57
test_371.jpg,2448,3264,127,150,116,11,34,9,2,25,27,45
test_372.jpg,2448,3264,87,4,0,87,4,2,85,2,87,91
test_373.jpg,1920,2560,163,183,118,45,65,17,28,48,76,110
test_374.jpg,2448,3264,119,131,115,4,16,2,2,14,16,20
test_375.jpg,2448,3264,136,166,132,4,34,2,2,32,34,38
test_376.jpg,3264,2448,112,156,109,3,47,2,1,45,46,50
test_377.jpg,3120,4160,153,341,117,36,224,33,3,191,194,260
test_378.jpg,2448,3264,134,132,115,19,17,1,18,16,34,36
test_379.jpg,2448,3264,132,148,126,6,22,5,1,17,18,28
test_38.jpg,3120,4208,127,129,124,3,5,0,3,5,8,8
test_380.jpg,2340,4160,105,115,102,3,13,2,1,11,12,16
test_381.jpg,2448,3264,97,183,81,16,102,14,2,88,90,118
test_382.jpg,2340,4160,105,133,100,5,33,3,2,30,32,38
test_383.jpg,3264,2448,173,169,141,32,28,5,27,23,50,60
test_384.jpg,3024,3024,94,140,80,14,60,11,3,49,52,74
test_385.jpg,2336,4160,109,112,104,5,8,1,4,7,11,13
test_386.jpg,2448,3264,145,297,124,21,173,14,7,159,166,194
test_387.jpg,3264,2448,156,156,152,4,4,0,4,4,8,8
test_388.jpg,2448,3264,127,131,126,1,5,0,1,5,6,6
test_389.jpg,1920,2560,137,151,137,0,14,0,0,14,14,14
test_39.jpg,3264,2448,167,158,147,20,11,2,18,9,27,31
test_390.jpg,2448,3264,159,194,101,58,93,33,25,60,85,151
test_391.jpg,2340,4160,205,234,190,15,44,12,3,32,35,59
test_392.jpg,1920,2560,125,128,120,5,8,2,3,6,9,13
test_393.jpg,4160,2340,161,169,145,16,24,3,13,21,34,40
test_394.jpg,2448,3264,147,165,146,1,19,1,0,18,18,20
test_395.jpg,2448,3264,137,176,136,1,40,1,0,39,39,41
test_396.jpg,2448,3264,212,211,167,45,44,17,28,27,55,89
test_397.jpg,2448,3264,156,167,149,7,18,1,6,17,23,25
test_398.jpg,2336,4160,130,139,116,14,23,6,8,17,25,37
test_399.jpg,3024,3024,107,152,105,2,47,1,1,46,47,49
test_4.jpg,3264,2448,208,167,157,51,10,0,51,10,61,61
test_40.jpg,1920,2560,140,161,135,5,26,5,0,21,21,31
test_400.jpg,2336,4160,123,135,118,5,17,3,2,14,16,22
test_401.jpg,2448,3264,140,147,135,5,12,3,2,9,11,17
test_402.jpg,2448,3264,112,134,111,1,23,0,1,23,24,24
test_403.jpg,2448,3264,163,180,145,18,35,7,11,28,39,53
test_404.jpg,1920,2560,147,161,147,0,14,0,0,14,14,14
test_405.jpg,2448,3264,119,127,109,10,18,8,2,10,12,28
test_406.jpg,2448,3264,111,124,105,6,19,3,3,16,19,25
test_407.jpg,2448,3264,144,258,122,22,136,13,9,123,132,158
test_408.jpg,2448,3264,179,294,148,31,146,25,6,121,127,177
test_409.jpg,2448,3264,142,160,132,10,28,4,6,24,30,38
test_41.jpg,1920,2560,166,169,158,8,11,2,6,9,15,19
test_410.jpg,2448,3264,128,156,128,0,28,0,0,28,28,28
test_411.jpg,2560,1920,134,124,102,32,22,4,28,18,46,54
test_412.jpg,2448,3264,146,154,144,2,10,0,2,10,12,12
test_413.jpg,2268,4032,117,133,116,1,17,1,0,16,16,18
test_414.jpg,1920,2560,143,152,137,6,15,3,3,12,15,21
test_415.jpg,1920,2560,122,137,120,2,17,0,2,17,19,19
test_416.jpg,2448,3264,266,336,259,7,77,7,0,70,70,84
test_417.jpg,2448,3264,130,149,122,8,27,6,2,21,23,35
test_418.jpg,2448,3264,139,159,136,3,23,1,2,22,24,26
test_419.jpg,2336,4160,220,253,211,9,42,6,3,36,39,51
test_42.jpg,1920,2560,129,139,129,0,10,0,0,10,10,10
test_420.jpg,3264,2448,218,277,190,28,87,9,19,78,97,115
test_421.jpg,2340,4160,136,147,131,5,16,2,3,14,17,21
test_422.jpg,2448,3264,123,136,112,11,24,4,7,20,27,35
test_423.jpg,1920,2560,171,182,171,0,11,0,0,11,11,11
test_424.jpg,2560,1920,153,184,139,14,45,9,5,36,41,59
test_425.jpg,3264,2448,196,201,159,37,42,6,31,36,67,79
test_426.jpg,2448,3264,143,157,141,2,16,1,1,15,16,18
test_427.jpg,3264,2448,176,181,153,23,28,5,18,23,41,51
test_428.jpg,2340,4160,166,159,149,17,10,3,14,7,21,27
test_429.jpg,2560,1920,140,158,128,12,30,4,8,26,34,42
test_43.jpg,2448,3264,79,152,77,2,75,2,0,73,73,77
test_430.jpg,2448,3264,235,231,218,17,13,1,16,12,28,30
test_431.jpg,3264,2448,120,125,117,3,8,2,1,6,7,11
test_432.jpg,3120,4208,91,125,78,13,47,6,7,41,48,60
test_433.jpg,2304,4096,216,221,151,65,70,34,31,36,67,135
test_434.jpg,2448,3264,156,185,151,5,34,1,4,33,37,39
test_435.jpg,1920,2560,151,181,139,12,42,9,3,33,36,54
test_436.jpg,2448,3264,110,158,100,10,58,6,4,52,56,68
test_437.jpg,3264,2448,132,146,128,4,18,0,4,18,22,22
test_438.jpg,2448,3264,198,238,184,14,54,5,9,49,58,68
test_439.jpg,2592,4608,117,148,109,8,39,1,7,38,45,47
test_44.jpg,2336,4160,136,158,112,24,46,11,13,35,48,70
test_440.jpg,2336,4160,127,153,114,13,39,7,6,32,38,52
test_441.jpg,2448,3264,104,145,96,8,49,6,2,43,45,57
test_442.jpg,2448,3264,166,180,158,8,22,6,2,16,18,30
test_443.jpg,1920,2560,126,147,125,1,22,1,0,21,21,23
test_444.jpg,4128,3096,146,215,130,16,85,13,3,72,75,101
test_445.jpg,2448,3264,143,157,138,5,19,4,1,15,16,24
test_446.jpg,1920,2560,152,190,152,0,38,0,0,38,38,38
test_447.jpg,1920,2560,147,146,128,19,18,7,12,11,23,37
test_448.jpg,2448,3264,201,196,170,31,26,8,23,18,41,57
test_449.jpg,2592,4608,150,168,140,10,28,4,6,24,30,38
test_45.jpg,2336,4160,103,124,89,14,35,9,5,26,31,49
test_450.jpg,2336,4160,173,207,155,18,52,13,5,39,44,70
test_451.jpg,4160,2336,157,172,139,18,33,8,10,25,35,51
test_452.jpg,2448,3264,118,130,106,12,24,2,10,22,32,36
test_453.jpg,2160,3840,165,181,162,3,19,2,1,17,18,22
test_454.jpg,2336,4160,107,122,96,11,26,8,3,18,21,37
test_455.jpg,3120,4208,137,143,137,0,6,0,0,6,6,6
test_456.jpg,2448,3264,136,144,132,4,12,1,3,11,14,16
test_457.jpg,3264,2448,125,130,125,0,5,0,0,5,5,5
test_458.jpg,2336,4160,155,170,150,5,20,3,2,17,19,25
test_459.jpg,1920,2560,129,137,126,3,11,0,3,11,14,14
test_46.jpg,2560,1920,180,211,170,10,41,5,5,36,41,51
test_460.jpg,2560,1920,197,198,174,23,24,6,17,18,35,47
test_461.jpg,2336,4160,131,151,126,5,25,2,3,23,26,30
test_462.jpg,3264,2448,124,155,112,12,43,8,4,35,39,55
test_463.jpg,2448,3264,138,145,135,3,10,1,2,9,11,13
test_464.jpg,2448,3264,137,136,115,22,21,11,11,10,21,43
test_465.jpg,3024,3024,150,158,143,7,15,3,4,12,16,22
test_466.jpg,2448,3264,163,157,133,30,24,5,25,19,44,54
test_467.jpg,2340,4160,119,148,116,3,32,1,2,31,33,35
test_468.jpg,2268,4032,105,108,103,2,5,1,1,4,5,7
test_469.jpg,1920,2560,126,132,124,2,8,1,1,7,8,10
test_47.jpg,1920,2560,136,139,119,17,20,4,13,16,29,37
test_470.jpg,2448,3264,110,125,92,18,33,11,7,22,29,51
test_471.jpg,2448,3264,125,154,122,3,32,1,2,31,33,35
test_472.jpg,3264,2448,264,280,239,25,41,9,16,32,48,66
test_473.jpg,2448,3264,143,153,131,12,22,6,6,16,22,34
test_474.jpg,2448,3264,130,139,119,11,20,4,7,16,23,31
test_475.jpg,2448,3264,118,149,118,0,31,0,0,31,31,31
test_476.jpg,2448,3264,150,158,137,13,21,7,6,14,20,34
test_477.jpg,1920,2560,151,155,151,0,4,0,0,4,4,4
test_478.jpg,2448,3264,118,81,70,48,11,4,44,7,51,59
test_479.jpg,2560,1920,169,196,169,0,27,0,0,27,27,27
test_48.jpg,2448,3264,133,149,120,13,29,4,9,25,34,42
test_480.jpg,2448,3264,122,130,107,15,23,6,9,17,26,38
test_481.jpg,4160,2340,135,157,124,11,33,5,6,28,34,44
test_482.jpg,1920,2560,137,198,133,4,65,3,1,62,63,69
test_483.jpg,2448,3264,123,171,120,3,51,1,2,50,52,54
test_484.jpg,1920,2560,121,142,106,15,36,15,0,21,21,51
test_485.jpg,3024,4032,147,154,144,3,10,3,0,7,7,13
test_486.jpg,3264,2448,220,215,190,30,25,6,24,19,43,55
test_487.jpg,2448,3264,128,143,127,1,16,0,1,16,17,17
test_488.jpg,3120,4208,121,129,105,16,24,6,10,18,28,40
test_489.jpg,2448,3264,179,183,109,70,74,13,57,61,118,144
test_49.jpg,1920,2560,113,121,113,0,8,0,0,8,8,8
test_490.jpg,1920,2560,175,169,150,25,19,6,19,13,32,44
test_491.jpg,1920,2560,127,141,125,2,16,2,0,14,14,18
test_492.jpg,2448,3264,116,141,109,7,32,3,4,29,33,39
test_493.jpg,1920,2560,124,149,108,16,41,9,7,32,39,57
test_494.jpg,2340,4160,200,220,196,4,24,2,2,22,24,28
test_495.jpg,2448,3264,130,133,120,10,13,6,4,7,11,23
test_496.jpg,1920,2560,130,137,129,1,8,1,0,7,7,9
test_497.jpg,2340,4160,126,147,122,4,25,2,2,23,25,29
test_498.jpg,2592,4608,139,159,132,7,27,4,3,23,26,34
test_499.jpg,2304,4096,135,133,113,22,20,10,12,10,22,42
test_5.jpg,3264,2448,152,216,150,2,66,1,1,65,66,68
test_50.jpg,2448,3264,130,134,125,5,9,2,3,7,10,14
test_500.jpg,2448,3264,141,196,136,5,60,4,1,56,57,65
test_501.jpg,1920,2560,131,154,122,9,32,6,3,26,29,41
test_502.jpg,2448,3264,212,225,210,2,15,2,0,13,13,17
test_503.jpg,2448,3264,153,166,143,10,23,1,9,22,31,33
test_504.jpg,1920,2560,121,147,118,3,29,3,0,26,26,32
test_505.jpg,2340,4160,162,176,156,6,20,4,2,16,18,26
test_506.jpg,2560,1920,123,126,113,10,13,2,8,11,19,23
test_507.jpg,2336,4160,208,180,140,68,40,11,57,29,86,108
test_508.jpg,2448,3264,170,198,160,10,38,4,6,34,40,48
test_509.jpg,2448,3264,122,132,118,4,14,4,0,10,10,18
test_51.jpg,2448,3264,164,168,153,11,15,8,3,7,10,26
test_510.jpg,3264,2448,138,133,116,22,17,4,18,13,31,39
test_511.jpg,2336,4160,188,205,174,14,31,6,8,25,33,45
test_512.jpg,2448,3264,136,159,129,7,30,4,3,26,29,37
test_513.jpg,3120,4160,107,157,103,4,54,2,2,52,54,58
test_514.jpg,2448,3264,120,131,119,1,12,1,0,11,11,13
test_515.jpg,1920,2560,149,157,149,0,8,0,0,8,8,8
test_516.jpg,2448,3264,180,222,172,8,50,3,5,47,52,58
test_517.jpg,2448,3264,115,130,113,2,17,2,0,15,15,19
test_518.jpg,1920,2560,122,122,120,2,2,0,2,2,4,4
test_519.jpg,1920,2560,119,134,117,2,17,1,1,16,17,19
test_52.jpg,1920,2560,121,130,120,1,10,0,1,10,11,11
test_520.jpg,3120,4160,168,184,158,10,26,4,6,22,28,36
test_521.jpg,2560,1920,132,96,82,50,14,13,37,1,38,64
test_522.jpg,2448,3264,115,149,114,1,35,1,0,34,34,36
test_523.jpg,2448,3264,121,315,78,43,237,24,19,213,232,280
test_524.jpg,2336,4160,115,123,104,11,19,5,6,14,20,30
test_525.jpg,2340,4160,124,117,108,16,9,4,12,5,17,25
test_526.jpg,2448,3264,164,214,148,16,66,7,9,59,68,82
test_527.jpg,2448,3264,181,199,177,4,22,1,3,21,24,26
test_528.jpg,3264,2448,115,125,113,2,12,1,1,11,12,14
test_529.jpg,1920,2560,147,178,131,16,47,10,6,37,43,63
test_53.jpg,2592,4608,112,150,106,6,44,3,3,41,44,50
test_530.jpg,1920,2560,154,160,151,3,9,0,3,9,12,12
test_531.jpg,1920,2560,129,147,127,2,20,0,2,20,22,22
test_532.jpg,2448,3264,125,129,123,2,6,1,1,5,6,8
test_533.jpg,2448,3264,115,167,110,5,57,4,1,53,54,62
test_534.jpg,2448,3264,128,142,123,5,19,1,4,18,22,24
test_535.jpg,2448,3264,108,129,95,13,34,4,9,30,39,47
test_536.jpg,2448,3264,144,170,133,11,37,5,6,32,38,48
test_537.jpg,2448,3264,132,145,131,1,14,0,1,14,15,15
test_538.jpg,2448,3264,137,141,132,5,9,1,4,8,12,14
test_539.jpg,1920,2560,116,123,112,4,11,1,3,10,13,15
test_54.jpg,3264,2448,109,160,106,3,54,1,2,53,55,57
test_540.jpg,2448,3264,158,187,157,1,30,0,1,30,31,31
test_541.jpg,2336,4160,144,144,132,12,12,2,10,10,20,24
test_542.jpg,2448,3264,100,191,75,25,116,22,3,94,97,141
test_543.jpg,3024,3024,139,158,130,9,28,2,7,26,33,37
test_544.jpg,3120,4160,156,187,154,2,33,0,2,33,35,35
test_545.jpg,2448,3264,126,143,114,12,29,5,7,24,31,41
test_546.jpg,2336,4160,142,163,136,6,27,3,3,24,27,33
test_547.jpg,2448,3264,129,137,120,9,17,3,6,14,20,26
test_548.jpg,3104,4192,135,145,131,4,14,2,2,12,14,18
test_549.jpg,3024,3024,113,118,104,9,14,2,7,12,19,23
test_55.jpg,1920,2560,114,158,107,7,51,2,5,49,54,58
test_550.jpg,2448,3264,158,158,128,30,30,3,27,27,54,60
test_551.jpg,2160,3840,121,146,118,3,28,3,0,25,25,31
test_552.jpg,2560,1920,180,191,177,3,14,0,3,14,17,17
test_553.jpg,2448,3264,121,138,109,12,29,8,4,21,25,41
test_554.jpg,2560,1920,128,139,122,6,17,6,0,11,11,23
test_555.jpg,2448,3264,170,181,168,2,13,1,1,12,13,15
test_556.jpg,2560,1920,243,268,238,5,30,2,3,28,31,35
test_557.jpg,3024,3024,148,155,143,5,12,2,3,10,13,17
test_558.jpg,2340,4160,149,159,143,6,16,0,6,16,22,22
test_559.jpg,2988,5312,124,133,124,0,9,0,0,9,9,9
test_56.jpg,2448,3264,140,155,127,13,28,3,10,25,35,41
test_560.jpg,2340,4160,195,207,176,19,31,6,13,25,38,50
test_561.jpg,2448,3264,129,142,117,12,25,6,6,19,25,37
test_562.jpg,1920,2560,131,136,131,0,5,0,0,5,5,5
test_563.jpg,2448,3264,109,123,95,14,28,6,8,22,30,42
test_564.jpg,2448,3264,138,144,134,4,10,0,4,10,14,14
test_565.jpg,2448,3264,226,274,204,22,70,11,11,59,70,92
test_566.jpg,1920,2560,123,128,117,6,11,2,4,9,13,17
test_567.jpg,2448,3264,124,94,77,47,17,9,38,8,46,64
test_568.jpg,2448,3264,135,158,133,2,25,0,2,25,27,27
test_569.jpg,2448,3264,143,161,122,21,39,14,7,25,32,60
test_57.jpg,1920,2560,140,152,119,21,33,5,16,28,44,54
test_570.jpg,2448,3264,139,151,125,14,26,8,6,18,24,40
test_571.jpg,2448,3264,133,148,129,4,19,2,2,17,19,23
test_572.jpg,2448,3264,128,150,124,4,26,4,0,22,22,30
test_573.jpg,2448,3264,105,173,94,11,79,7,4,72,76,90
test_574.jpg,2400,3200,308,378,296,12,82,9,3,73,76,94
test_575.jpg,2448,3264,139,158,139,0,19,0,0,19,19,19
test_576.jpg,2560,1920,149,148,139,10,9,2,8,7,15,19
test_577.jpg,1920,2560,125,140,123,2,17,2,0,15,15,19
test_578.jpg,2340,4160,214,221,198,16,23,5,11,18,29,39
test_579.jpg,2448,3264,119,145,119,0,26,0,0,26,26,26
test_58.jpg,2340,4160,123,145,113,10,32,7,3,25,28,42
test_580.jpg,2448,3264,134,144,129,5,15,1,4,14,18,20
test_581.jpg,3024,4032,252,281,239,13,42,6,7,36,43,55
test_582.jpg,1920,2560,132,172,126,6,46,5,1,41,42,52
test_583.jpg,2448,3264,122,131,116,6,15,2,4,13,17,21
test_584.jpg,2448,3264,164,223,151,13,72,13,0,59,59,85
test_585.jpg,2448,3264,138,176,136,2,40,1,1,39,40,42
test_586.jpg,2448,3264,204,202,195,9,7,2,7,5,12,16
test_587.jpg,1920,2560,190,199,186,4,13,3,1,10,11,17
test_588.jpg,3120,4160,200,210,197,3,13,0,3,13,16,16
test_589.jpg,3120,4160,156,187,144,12,43,5,7,38,45,55
test_59.jpg,3264,2448,187,198,185,2,13,0,2,13,15,15
test_590.jpg,2448,3264,274,347,234,40,113,30,10,83,93,153
test_591.jpg,2448,3264,115,147,114,1,33,1,0,32,32,34
test_592.jpg,2448,3264,132,145,128,4,17,2,2,15,17,21
test_593.jpg,2448,3264,115,118,110,5,8,0,5,8,13,13
test_594.jpg,1920,2560,126,135,126,0,9,0,0,9,9,9
test_595.jpg,1920,2560,134,177,132,2,45,2,0,43,43,47
test_596.jpg,2448,3264,131,160,117,14,43,11,3,32,35,57
test_597.jpg,2448,3264,111,141,99,12,42,5,7,37,44,54
test_598.jpg,2448,3264,189,225,188,1,37,0,1,37,38,38
test_599.jpg,2448,3264,183,196,183,0,13,0,0,13,13,13
test_6.jpg,2322,4128,197,209,188,9,21,1,8,20,28,30
test_60.jpg,1920,2560,121,145,120,1,25,0,1,25,26,26
test_600.jpg,2368,4224,131,137,119,12,18,7,5,11,16,30
test_601.jpg,2448,3264,176,196,145,31,51,17,14,34,48,82
test_602.jpg,2448,3264,148,158,129,19,29,8,11,21,32,48
test_603.jpg,1920,2560,140,140,128,12,12,3,9,9,18,24
test_604.jpg,2368,4224,165,186,161,4,25,4,0,21,21,29
test_605.jpg,3120,4160,167,205,167,0,38,0,0,38,38,38
test_606.jpg,2448,3264,200,188,135,65,53,21,44,32,76,118
test_607.jpg,2336,4160,129,151,125,4,26,3,1,23,24,30
test_608.jpg,2160,3840,102,109,99,3,10,2,1,8,9,13
test_609.jpg,2340,4160,152,154,144,8,10,4,4,6,10,18
test_61.jpg,2448,3264,126,147,111,15,36,5,10,31,41,51
test_610.jpg,2448,3264,118,162,114,4,48,2,2,46,48,52
test_611.jpg,2340,4160,214,226,197,17,29,6,11,23,34,46
test_612.jpg,3264,2448,143,151,140,3,11,0,3,11,14,14
test_613.jpg,3264,2448,151,164,118,33,46,15,18,31,49,79
test_614.jpg,2560,1920,166,179,165,1,14,0,1,14,15,15
test_615.jpg,2448,3264,115,128,110,5,18,2,3,16,19,23
test_616.jpg,2340,4160,141,159,113,28,46,7,21,39,60,74
test_617.jpg,2448,3264,166,203,159,7,44,5,2,39,41,51
test_618.jpg,2336,4160,119,120,106,13,14,2,11,12,23,27
test_619.jpg,2448,3264,343,332,311,32,21,6,26,15,41,53
test_62.jpg,2336,4160,138,148,134,4,14,2,2,12,14,18
test_620.jpg,1920,2560,131,138,126,5,12,1,4,11,15,17
test_621.jpg,2160,3840,123,144,119,4,25,2,2,23,25,29
test_622.jpg,2592,4608,145,162,141,4,21,2,2,19,21,25
test_623.jpg,3024,3024,121,147,118,3,29,1,2,28,30,32
test_624.jpg,4160,2340,168,189,162,6,27,2,4,25,29,33
test_625.jpg,2448,3264,232,248,229,3,19,1,2,18,20,22
test_626.jpg,2448,3264,146,153,143,3,10,1,2,9,11,13
test_627.jpg,2336,4160,193,201,171,22,30,5,17,25,42,52
test_628.jpg,2448,3264,139,144,135,4,9,2,2,7,9,13
test_629.jpg,2448,3264,130,128,118,12,10,2,10,8,18,22
test_63.jpg,1920,2560,123,128,121,2,7,0,2,7,9,9
test_630.jpg,2448,3264,168,169,147,21,22,5,16,17,33,43
test_631.jpg,2448,3264,120,162,106,14,56,8,6,48,54,70
test_632.jpg,2448,3264,116,173,114,2,59,2,0,57,57,61
test_633.jpg,3120,4208,278,297,272,6,25,3,3,22,25,31
test_634.jpg,2336,4160,215,224,214,1,10,0,1,10,11,11
test_635.jpg,2448,3264,139,150,136,3,14,1,2,13,15,17
test_636.jpg,1920,2560,174,189,162,12,27,5,7,22,29,39
test_637.jpg,2322,4128,124,134,115,9,19,5,4,14,18,28
test_638.jpg,3264,2448,116,127,113,3,14,2,1,12,13,17
test_639.jpg,2340,4160,160,174,138,22,36,3,19,33,52,58
test_64.jpg,1920,2560,74,129,73,1,56,1,0,55,55,57
test_640.jpg,2340,4160,182,186,170,12,16,6,6,10,16,28
test_641.jpg,2448,3264,132,151,120,12,31,6,6,25,31,43
test_642.jpg,2340,4160,167,192,155,12,37,9,3,28,31,49
test_643.jpg,2448,3264,120,143,112,8,31,4,4,27,31,39
test_644.jpg,2448,3264,163,176,151,12,25,6,6,19,25,37
test_645.jpg,2448,3264,136,145,114,22,31,9,13,22,35,53
test_646.jpg,2448,3264,107,128,101,6,27,1,5,26,31,33
test_647.jpg,2340,4160,116,131,112,4,19,4,0,15,15,23
test_648.jpg,2336,4160,122,138,117,5,21,3,2,18,20,26
test_649.jpg,2448,3264,103,92,56,47,36,6,41,30,71,83
test_65.jpg,2448,3264,128,156,123,5,33,2,3,31,34,38
test_650.jpg,2336,4160,119,137,119,0,18,0,0,18,18,18
test_651.jpg,2448,3264,174,195,163,11,32,4,7,28,35,43
test_652.jpg,1920,2560,117,141,112,5,29,2,3,27,30,34
test_653.jpg,2560,1920,117,118,111,6,7,3,3,4,7,13
test_654.jpg,1920,2560,129,132,118,11,14,2,9,12,21,25
test_655.jpg,1920,2560,157,167,154,3,13,0,3,13,16,16
test_656.jpg,2448,3264,111,128,111,0,17,0,0,17,17,17
test_657.jpg,2448,3264,188,164,151,37,13,1,36,12,48,50
test_658.jpg,2340,4160,151,152,123,28,29,10,18,19,37,57
test_659.jpg,2322,4128,254,262,235,19,27,8,11,19,30,46
test_66.jpg,2336,4160,148,149,146,2,3,1,1,2,3,5
test_660.jpg,2448,3264,205,206,176,29,30,6,23,24,47,59
test_661.jpg,2448,3264,138,151,123,15,28,4,11,24,35,43
test_662.jpg,2340,4160,112,128,110,2,18,1,1,17,18,20
test_663.jpg,2160,3840,163,166,142,21,24,12,9,12,21,45
test_664.jpg,3120,4160,165,287,126,39,161,24,15,137,152,200
test_665.jpg,1920,2560,141,139,128,13,11,2,11,9,20,24
test_666.jpg,2448,3264,119,132,117,2,15,1,1,14,15,17
test_667.jpg,2988,5312,118,148,96,22,52,18,4,34,38,74
test_668.jpg,2448,3264,163,176,163,0,13,0,0,13,13,13
test_669.jpg,2448,3264,161,171,149,12,22,3,9,19,28,34
test_67.jpg,1920,2560,128,144,125,3,19,2,1,17,18,22
test_670.jpg,3264,2448,216,319,207,9,112,4,5,108,113,121
test_671.jpg,1920,2560,142,153,135,7,18,3,4,15,19,25
test_672.jpg,2448,3264,143,160,140,3,20,1,2,19,21,23
test_673.jpg,2448,3264,130,147,124,6,23,5,1,18,19,29
test_674.jpg,1920,2560,90,130,87,3,43,2,1,41,42,46
test_675.jpg,3104,4192,127,136,119,8,17,3,5,14,19,25
test_676.jpg,2448,3264,170,339,119,51,220,13,38,207,245,271
test_677.jpg,2448,3264,279,247,186,93,61,14,79,47,126,154
test_678.jpg,1920,2560,146,166,126,20,40,7,13,33,46,60
test_679.jpg,2448,3264,134,159,131,3,28,2,1,26,27,31
test_68.jpg,2448,3264,92,123,91,1,32,1,0,31,31,33
test_680.jpg,2448,3264,175,200,162,13,38,6,7,32,39,51
test_681.jpg,2336,4160,184,227,115,69,112,44,25,68,93,181
test_682.jpg,1920,2560,145,154,140,5,14,1,4,13,17,19
test_683.jpg,1920,2560,162,191,154,8,37,6,2,31,33,45
test_684.jpg,2448,3264,168,269,155,13,114,3,10,111,121,127
test_685.jpg,2448,3264,181,197,176,5,21,3,2,18,20,26
test_686.jpg,1920,2560,143,79,35,108,44,3,105,41,146,152
test_687.jpg,1920,2560,152,162,129,23,33,10,13,23,36,56
test_688.jpg,2448,3264,210,214,192,18,22,4,14,18,32,40
test_689.jpg,3264,2448,186,259,162,24,97,14,10,83,93,121
test_69.jpg,1920,2560,128,159,128,0,31,0,0,31,31,31
test_690.jpg,2448,3264,117,129,106,11,23,4,7,19,26,34
test_691.jpg,1920,2560,174,210,167,7,43,4,3,39,42,50
test_692.jpg,3120,4208,125,134,116,9,18,3,6,15,21,27
test_693.jpg,1920,2560,130,140,128,2,12,2,0,10,10,14
test_694.jpg,2448,3264,114,142,106,8,36,3,5,33,38,44
test_695.jpg,2448,3264,127,149,125,2,24,1,1,23,24,26
test_696.jpg,3120,4160,133,161,130,3,31,3,0,28,28,34
test_697.jpg,2448,3264,230,215,152,78,63,24,54,39,93,141
test_698.jpg,2160,3840,103,135,92,11,43,9,2,34,36,54
test_699.jpg,2448,3264,142,197,110,32,87,13,19,74,93,119
test_7.jpg,2448,3264,152,176,151,1,25,1,0,24,24,26
test_70.jpg,2336,4160,107,125,98,9,27,9,0,18,18,36
test_700.jpg,2448,3264,145,152,134,11,18,4,7,14,21,29
test_701.jpg,2336,4160,142,151,142,0,9,0,0,9,9,9
test_702.jpg,2340,4160,149,160,140,9,20,6,3,14,17,29
test_703.jpg,2592,4608,189,190,177,12,13,2,10,11,21,25
test_704.jpg,1920,2560,135,145,129,6,16,5,1,11,12,22
test_705.jpg,3264,2448,190,242,166,24,76,11,13,65,78,100
test_706.jpg,2560,1920,103,121,71,32,50,8,24,42,66,82
test_707.jpg,2448,3264,185,242,177,8,65,4,4,61,65,73
test_708.jpg,2448,3264,120,124,119,1,5,1,0,4,4,6
test_709.jpg,2448,3264,176,203,162,14,41,5,9,36,45,55
test_71.jpg,2448,3264,123,164,94,29,70,10,19,60,79,99
test_710.jpg,2448,3264,143,171,139,4,32,4,0,28,28,36
test_711.jpg,2448,3264,138,144,91,47,53,9,38,44,82,100
test_712.jpg,3264,2448,132,170,123,9,47,5,4,42,46,56
test_713.jpg,2448,3264,129,124,116,13,8,1,12,7,19,21
test_714.jpg,1920,2560,144,155,141,3,14,0,3,14,17,17
test_715.jpg,1920,2560,126,136,116,10,20,5,5,15,20,30
test_716.jpg,1920,2560,175,195,146,29,49,10,19,39,58,78
test_717.jpg,2340,4160,131,138,115,16,23,9,7,14,21,39
test_718.jpg,2448,3264,128,146,122,6,24,4,2,20,22,30
test_719.jpg,2336,4160,116,146,111,5,35,5,0,30,30,40
test_72.jpg,2160,3840,138,135,125,13,10,1,12,9,21,23
test_720.jpg,1920,2560,119,128,117,2,11,0,2,11,13,13
test_721.jpg,1920,2560,167,246,148,19,98,14,5,84,89,117
test_722.jpg,1920,2560,130,139,128,2,11,0,2,11,13,13
test_723.jpg,1920,2560,97,139,66,31,73,19,12,54,66,104
test_724.jpg,1920,2560,130,149,125,5,24,1,4,23,27,29
test_725.jpg,1920,2560,138,159,135,3,24,1,2,23,25,27
test_726.jpg,2448,3264,180,160,112,68,48,5,63,43,106,116
test_727.jpg,2448,3264,132,180,105,27,75,18,9,57,66,102
test_728.jpg,2448,3264,115,133,113,2,20,0,2,20,22,22
test_729.jpg,2448,3264,131,146,130,1,16,1,0,15,15,17
test_73.jpg,2448,3264,124,259,97,27,162,25,2,137,139,189
test_730.jpg,2340,4160,159,189,153,6,36,5,1,31,32,42
test_731.jpg,1920,2560,122,131,122,0,9,0,0,9,9,9
test_732.jpg,2448,3264,167,145,129,38,16,3,35,13,48,54
test_733.jpg,2560,1920,166,217,146,20,71,8,12,63,75,91
test_734.jpg,2560,1920,197,215,188,9,27,5,4,22,26,36
test_735.jpg,2448,3264,201,202,195,6,7,1,5,6,11,13
test_736.jpg,1920,2560,122,128,122,0,6,0,0,6,6,6
test_737.jpg,3120,4160,109,115,80,29,35,1,28,34,62,64
test_738.jpg,2448,3264,146,155,144,2,11,0,2,11,13,13
test_739.jpg,2448,3264,146,143,124,22,19,6,16,13,29,41
test_74.jpg,1920,2560,126,140,123,3,17,1,2,16,18,20
test_740.jpg,2340,4160,188,204,172,16,32,12,4,20,24,48
test_741.jpg,2448,3264,138,154,125,13,29,6,7,23,30,42
test_742.jpg,2448,3264,155,163,151,4,12,1,3,11,14,16
test_743.jpg,2560,1920,129,155,116,13,39,10,3,29,32,52
test_744.jpg,2448,3264,120,126,119,1,7,1,0,6,6,8
test_745.jpg,1920,2560,152,158,140,12,18,0,12,18,30,30
test_746.jpg,1920,2560,134,186,125,9,61,7,2,54,56,70
test_747.jpg,2340,4160,162,171,150,12,21,3,9,18,27,33
test_748.jpg,2448,3264,116,157,112,4,45,2,2,43,45,49
test_749.jpg,3120,4208,137,146,122,15,24,2,13,22,35,39
test_75.jpg,2448,3264,126,198,117,9,81,7,2,74,76,90
test_750.jpg,1920,2560,197,153,132,65,21,8,57,13,70,86
test_751.jpg,2160,3840,167,182,160,7,22,5,2,17,19,29
test_752.jpg,2336,4160,187,196,168,19,28,8,11,20,31,47
test_753.jpg,1920,2560,108,124,101,7,23,3,4,20,24,30
test_754.jpg,2340,4160,141,152,125,16,27,7,9,20,29,43
test_755.jpg,3096,4128,142,143,135,7,8,3,4,5,9,15
test_756.jpg,2448,3264,105,154,102,3,52,2,1,50,51,55
test_757.jpg,1920,2560,159,165,149,10,16,5,5,11,16,26
test_758.jpg,3120,4160,136,159,131,5,28,3,2,25,27,33
test_759.jpg,2340,4160,149,227,133,16,94,10,6,84,90,110
test_76.jpg,1920,2560,129,160,114,15,46,11,4,35,39,61
test_760.jpg,2448,3264,145,165,135,10,30,6,4,24,28,40
test_761.jpg,2400,3200,287,351,272,15,79,13,2,66,68,94
test_762.jpg,1920,2560,130,144,128,2,16,2,0,14,14,18
test_763.jpg,2448,3264,120,126,74,46,52,28,18,24,42,98
test_764.jpg,2448,3264,103,122,71,32,51,6,26,45,71,83
test_765.jpg,1920,2560,160,197,144,16,53,13,3,40,43,69
test_766.jpg,2560,1920,84,128,76,8,52,3,5,49,54,60
test_767.jpg,1920,2560,114,135,111,3,24,0,3,24,27,27
test_768.jpg,2448,3264,117,143,112,5,31,2,3,29,32,36
test_769.jpg,2592,4608,152,152,140,12,12,5,7,7,14,24
test_77.jpg,3120,4208,230,240,230,0,10,0,0,10,10,10
test_770.jpg,1920,2560,173,183,171,2,12,0,2,12,14,14
test_771.jpg,2340,4160,139,148,127,12,21,5,7,16,23,33
test_772.jpg,2448,3264,120,126,120,0,6,0,0,6,6,6
test_773.jpg,2448,3264,234,331,215,19,116,12,7,104,111,135
test_774.jpg,2340,4160,124,145,119,5,26,5,0,21,21,31
test_775.jpg,2340,4160,118,126,115,3,11,0,3,11,14,14
test_776.jpg,2448,3264,162,177,118,44,59,23,21,36,57,103
test_777.jpg,2448,3264,155,182,131,24,51,8,16,43,59,75
test_778.jpg,2560,1920,133,168,119,14,49,9,5,40,45,63
test_779.jpg,2448,3264,183,173,142,41,31,3,38,28,66,72
test_78.jpg,1920,2560,128,143,128,0,15,0,0,15,15,15
test_780.jpg,1920,2560,153,167,140,13,27,8,5,19,24,40
test_781.jpg,1920,2560,146,171,140,6,31,5,1,26,27,37
test_782.jpg,2448,3264,105,131,102,3,29,1,2,28,30,32
test_783.jpg,1920,2560,125,130,125,0,5,0,0,5,5,5
test_784.jpg,1920,2560,144,178,142,2,36,2,0,34,34,38
test_785.jpg,2448,3264,128,139,125,3,14,2,1,12,13,17
test_786.jpg,2448,3264,158,165,140,18,25,6,12,19,31,43
test_787.jpg,2448,3264,137,157,133,4,24,2,2,22,24,28
test_788.jpg,2160,3840,186,212,173,13,39,9,4,30,34,52
test_789.jpg,3120,4208,150,162,131,19,31,9,10,22,32,50
test_79.jpg,2560,1920,119,147,119,0,28,0,0,28,28,28
test_790.jpg,3024,4032,175,314,169,6,145,2,4,143,147,151
test_791.jpg,1920,2560,154,175,151,3,24,2,1,22,23,27
test_792.jpg,3120,4160,137,142,132,5,10,2,3,8,11,15
test_793.jpg,3264,2448,122,112,90,32,22,2,30,20,50,54
test_794.jpg,2448,3264,147,210,119,28,91,8,20,83,103,119
test_795.jpg,2448,3264,166,185,152,14,33,7,7,26,33,47
test_796.jpg,2160,3840,124,127,114,10,13,2,8,11,19,23
test_797.jpg,2448,3264,163,178,148,15,30,7,8,23,31,45
test_798.jpg,1920,2560,136,142,133,3,9,0,3,9,12,12
test_799.jpg,2448,3264,282,337,273,9,64,8,1,56,57,73
test_8.jpg,2448,3264,132,169,103,29,66,12,17,54,71,95
test_80.jpg,3024,4032,249,195,177,72,18,3,69,15,84,90
test_800.jpg,2336,4160,197,201,162,35,39,14,21,25,46,74
test_801.jpg,2340,4160,129,154,109,20,45,12,8,33,41,65
test_802.jpg,1920,2560,134,155,133,1,22,0,1,22,23,23
test_803.jpg,2448,3264,121,154,112,9,42,6,3,36,39,51
test_804.jpg,1920,2560,150,169,146,4,23,2,2,21,23,27
test_805.jpg,1920,2560,249,265,245,4,20,2,2,18,20,24
test_806.jpg,3264,2448,134,218,124,10,94,6,4,88,92,104
test_807.jpg,1920,2560,112,118,110,2,8,2,0,6,6,10
test_808.jpg,2448,3264,156,175,142,14,33,3,11,30,41,47
test_809.jpg,3024,3024,145,163,143,2,20,2,0,18,18,22
test_81.jpg,3264,2448,129,302,111,18,191,6,12,185,197,209
test_810.jpg,2340,4160,124,130,110,14,20,4,10,16,26,34
test_811.jpg,3264,2448,107,159,95,12,64,2,10,62,72,76
test_812.jpg,3264,2448,259,254,235,24,19,6,18,13,31,43
test_813.jpg,2448,3264,138,152,137,1,15,0,1,15,16,16
test_814.jpg,1920,2560,129,138,98,31,40,16,15,24,39,71
test_815.jpg,3120,4160,131,158,96,35,62,22,13,40,53,97
test_816.jpg,2448,3264,146,156,146,0,10,0,0,10,10,10
test_817.jpg,2448,3264,129,144,126,3,18,1,2,17,19,21
test_818.jpg,3264,2448,271,273,257,14,16,6,8,10,18,30
test_819.jpg,2560,1920,181,172,133,48,39,17,31,22,53,87
test_82.jpg,3120,4160,176,262,126,50,136,33,17,103,120,186
test_820.jpg,2448,3264,129,144,127,2,17,1,1,16,17,19
test_821.jpg,3120,4160,143,162,138,5,24,1,4,23,27,29
test_822.jpg,2340,4160,148,147,132,16,15,6,10,9,19,31
test_823.jpg,1920,2560,122,138,111,11,27,5,6,22,28,38
test_824.jpg,2448,3264,378,284,213,165,71,29,136,42,178,236
test_825.jpg,2448,3264,167,160,146,21,14,5,16,9,25,35
test_826.jpg,2340,4160,160,164,138,22,26,10,12,16,28,48
test_827.jpg,1920,2560,152,176,149,3,27,1,2,26,28,30
test_828.jpg,1920,2560,106,117,106,0,11,0,0,11,11,11
test_829.jpg,2448,3264,137,162,121,16,41,8,8,33,41,57
test_83.jpg,2336,4160,158,172,156,2,16,0,2,16,18,18
test_830.jpg,3264,2448,188,182,160,28,22,10,18,12,30,50
test_831.jpg,3120,4208,56,94,51,5,43,5,0,38,38,48
test_832.jpg,2448,3264,122,136,119,3,17,1,2,16,18,20
test_833.jpg,2448,3264,112,119,85,27,34,7,20,27,47,61
test_834.jpg,2448,3264,162,170,146,16,24,4,12,20,32,40
test_835.jpg,3024,3024,143,153,138,5,15,3,2,12,14,20
test_836.jpg,1920,2560,131,138,119,12,19,9,3,10,13,31
test_837.jpg,2448,3264,182,199,179,3,20,1,2,19,21,23
test_838.jpg,2340,4160,175,181,160,15,21,4,11,17,28,36
test_839.jpg,2448,3264,136,149,130,6,19,2,4,17,21,25
test_84.jpg,2448,3264,182,224,150,32,74,12,20,62,82,106
test_840.jpg,1920,2560,167,200,165,2,35,2,0,33,33,37
test_841.jpg,2340,4160,124,132,101,23,31,11,12,20,32,54
test_842.jpg,2448,3264,131,130,108,23,22,9,14,13,27,45
test_843.jpg,1920,2560,164,178,138,26,40,15,11,25,36,66
test_844.jpg,1920,2560,131,148,130,1,18,0,1,18,19,19
test_845.jpg,2448,3264,206,209,176,30,33,12,18,21,39,63
test_846.jpg,2336,4160,123,133,118,5,15,3,2,12,14,20
test_847.jpg,2336,4160,150,152,146,4,6,2,2,4,6,10
test_848.jpg,3120,4160,198,261,183,15,78,9,6,69,75,93
test_849.jpg,2448,3264,121,122,117,4,5,2,2,3,5,9
test_85.jpg,2336,4160,128,139,125,3,14,2,1,12,13,17
test_850.jpg,2448,3264,97,112,95,2,17,0,2,17,19,19
test_851.jpg,2448,3264,267,302,205,62,97,19,43,78,121,159
test_852.jpg,2448,3264,161,140,126,35,14,7,28,7,35,49
test_853.jpg,2448,3264,113,140,108,5,32,2,3,30,33,37
test_854.jpg,2448,3264,113,143,100,13,43,10,3,33,36,56
test_855.jpg,1920,2560,228,235,221,7,14,5,2,9,11,21
test_856.jpg,2448,3264,146,162,125,21,37,4,17,33,50,58
test_857.jpg,2448,3264,135,140,134,1,6,0,1,6,7,7
test_858.jpg,1920,2560,176,203,155,21,48,10,11,38,49,69
test_859.jpg,1920,2560,128,134,117,11,17,4,7,13,20,28
test_86.jpg,1920,2560,123,134,122,1,12,1,0,11,11,13
test_860.jpg,2560,1920,63,130,48,15,82,9,6,73,79,97
test_861.jpg,2340,4160,121,132,92,29,40,14,15,26,41,69
test_862.jpg,2340,4160,214,246,204,10,42,8,2,34,36,52
test_863.jpg,2340,4160,180,203,169,11,34,4,7,30,37,45
test_864.jpg,3120,4160,70,307,34,36,273,27,9,246,255,309
test_865.jpg,3264,2448,124,147,115,9,32,2,7,30,37,41
test_866.jpg,3024,3024,107,142,105,2,37,1,1,36,37,39
test_867.jpg,2448,3264,134,145,132,2,13,1,1,12,13,15
test_868.jpg,2560,1920,136,155,134,2,21,2,0,19,19,23
test_869.jpg,1920,2560,117,139,108,9,31,3,6,28,34,40
test_87.jpg,2448,3264,183,204,169,14,35,2,12,33,45,49
test_870.jpg,2448,3264,137,153,131,6,22,3,3,19,22,28
test_871.jpg,1920,2560,155,175,153,2,22,0,2,22,24,24
test_872.jpg,2448,3264,116,130,112,4,18,4,0,14,14,22
test_873.jpg,2336,4160,186,200,177,9,23,4,5,19,24,32
test_874.jpg,3120,4160,230,371,168,62,203,39,23,164,187,265
test_875.jpg,3264,2448,148,111,77,71,34,3,68,31,99,105
test_876.jpg,2448,3264,116,126,114,2,12,0,2,12,14,14
test_877.jpg,2448,3264,218,267,202,16,65,8,8,57,65,81
test_878.jpg,1920,2560,130,138,126,4,12,1,3,11,14,16
test_879.jpg,2560,1920,167,191,155,12,36,10,2,26,28,48
test_88.jpg,3120,4208,176,175,150,26,25,7,19,18,37,51
test_880.jpg,1920,2560,165,188,159,6,29,5,1,24,25,35
test_881.jpg,2448,3264,134,123,103,31,20,7,24,13,37,51
test_882.jpg,1920,2560,147,168,146,1,22,1,0,21,21,23
test_883.jpg,1920,2560,181,190,181,0,9,0,0,9,9,9
test_884.jpg,3264,2448,136,166,132,4,34,1,3,33,36,38
test_885.jpg,2448,3264,138,164,138,0,26,0,0,26,26,26
test_886.jpg,2336,4160,119,129,113,6,16,1,5,15,20,22
test_887.jpg,1920,2560,159,173,154,5,19,4,1,15,16,24
test_888.jpg,2160,3840,156,171,144,12,27,7,5,20,25,39
test_889.jpg,2448,3264,118,140,112,6,28,2,4,26,30,34
test_89.jpg,2448,3264,181,159,113,68,46,22,46,24,70,114
test_890.jpg,1920,2560,135,148,133,2,15,2,0,13,13,17
test_891.jpg,2448,3264,132,171,129,3,42,1,2,41,43,45
test_892.jpg,2448,3264,137,160,135,2,25,1,1,24,25,27
test_893.jpg,2560,1920,105,120,103,2,17,1,1,16,17,19
test_894.jpg,2336,4160,142,190,137,5,53,5,0,48,48,58
test_895.jpg,2560,1920,51,97,50,1,47,1,0,46,46,48
test_896.jpg,1920,2560,104,118,93,11,25,6,5,19,24,36
test_897.jpg,2336,4160,130,158,123,7,35,5,2,30,32,42
test_898.jpg,2560,1920,166,192,160,6,32,1,5,31,36,38
test_899.jpg,3120,4208,118,116,108,10,8,0,10,8,18,18
test_9.jpg,2448,3264,91,132,91,0,41,0,0,41,41,41
test_90.jpg,2400,3200,122,132,110,12,22,4,8,18,26,34
test_900.jpg,2448,3264,130,133,127,3,6,1,2,5,7,9
test_901.jpg,1920,2560,128,136,121,7,15,1,6,14,20,22
test_902.jpg,1920,2560,122,136,118,4,18,3,1,15,16,22
test_903.jpg,1920,2560,145,151,127,18,24,8,10,16,26,42
test_904.jpg,2340,4160,159,175,124,35,51,11,24,40,64,86
test_905.jpg,2448,3264,100,120,88,12,32,10,2,22,24,44
test_906.jpg,2448,3264,106,111,95,11,16,3,8,13,21,27
test_907.jpg,3024,4032,153,154,153,0,1,0,0,1,1,1
test_908.jpg,2560,1920,271,283,267,4,16,2,2,14,16,20
test_909.jpg,2560,1920,128,151,124,4,27,0,4,27,31,31
test_91.jpg,2448,3264,120,129,112,8,17,6,2,11,13,25
test_910.jpg,2448,3264,136,141,101,35,40,14,21,26,47,75
test_911.jpg,2448,3264,158,280,132,26,148,8,18,140,158,174
test_912.jpg,2448,3264,137,167,110,27,57,11,16,46,62,84
test_913.jpg,2448,3264,124,142,115,9,27,3,6,24,30,36
test_914.jpg,2448,3264,152,206,140,12,66,7,5,59,64,78
test_915.jpg,2448,3264,155,173,125,30,48,17,13,31,44,78
test_916.jpg,2336,4160,170,188,146,24,42,10,14,32,46,66
test_917.jpg,3120,4160,178,193,173,5,20,2,3,18,21,25
test_918.jpg,2448,3264,242,286,222,20,64,9,11,55,66,84
test_919.jpg,2448,3264,158,166,154,4,12,0,4,12,16,16
test_92.jpg,2336,4160,111,135,110,1,25,1,0,24,24,26
test_920.jpg,2448,3264,177,166,149,28,17,7,21,10,31,45
test_921.jpg,1920,2560,126,135,123,3,12,2,1,10,11,15
test_922.jpg,1920,2560,122,133,122,0,11,0,0,11,11,11
test_923.jpg,3104,4192,134,40,24,110,16,4,106,12,118,126
test_924.jpg,4128,3096,138,170,131,7,39,5,2,34,36,46
test_925.jpg,2340,4160,185,207,156,29,51,15,14,36,50,80
test_926.jpg,2448,3264,182,210,174,8,36,3,5,33,38,44
test_927.jpg,1920,2560,155,167,139,16,28,9,7,19,26,44
test_928.jpg,2340,4160,207,244,190,17,54,8,9,46,55,71
test_929.jpg,2448,3264,179,165,124,55,41,14,41,27,68,96
test_93.jpg,2448,3264,131,210,131,0,79,0,0,79,79,79
test_930.jpg,1920,2560,210,225,197,13,28,4,9,24,33,41
test_931.jpg,1920,2560,127,139,127,0,12,0,0,12,12,12
test_932.jpg,2448,3264,156,167,148,8,19,1,7,18,25,27
test_933.jpg,2448,3264,131,150,129,2,21,1,1,20,21,23
test_934.jpg,2448,3264,176,189,175,1,14,1,0,13,13,15
test_935.jpg,2268,4032,136,151,130,6,21,3,3,18,21,27
test_936.jpg,2448,3264,125,148,117,8,31,4,4,27,31,39
test_937.jpg,2592,4608,127,152,122,5,30,2,3,28,31,35
test_938.jpg,3096,4128,111,125,100,11,25,6,5,19,24,36
test_939.jpg,2340,4160,168,160,147,21,13,7,14,6,20,34
test_94.jpg,2448,3264,83,114,71,12,43,7,5,36,41,55
test_940.jpg,1920,2560,150,217,144,6,73,5,1,68,69,79
test_941.jpg,2448,3264,183,194,144,39,50,20,19,30,49,89
test_942.jpg,2160,3840,116,119,104,12,15,7,5,8,13,27
test_943.jpg,2336,4160,164,172,152,12,20,4,8,16,24,32
test_944.jpg,2448,3264,137,137,128,9,9,2,7,7,14,18
test_945.jpg,2340,4160,113,143,101,12,42,8,4,34,38,54
test_946.jpg,2448,3264,113,109,37,76,72,14,62,58,120,148
test_947.jpg,2448,3264,162,202,154,8,48,2,6,46,52,56
test_948.jpg,2448,3264,131,165,122,9,43,7,2,36,38,52
test_949.jpg,2448,3264,122,137,100,22,37,12,10,25,35,59
test_95.jpg,2336,4160,125,147,124,1,23,0,1,23,24,24
test_950.jpg,1920,2560,134,136,132,2,4,0,2,4,6,6
test_951.jpg,2448,3264,126,150,125,1,25,1,0,24,24,26
test_952.jpg,3024,3024,156,177,152,4,25,1,3,24,27,29
test_953.jpg,3120,4160,117,152,113,4,39,1,3,38,41,43
test_954.jpg,2448,3264,128,149,123,5,26,3,2,23,25,31
test_955.jpg,2336,4160,139,151,120,19,31,10,9,21,30,50
test_956.jpg,1920,2560,128,139,126,2,13,1,1,12,13,15
test_957.jpg,1920,2560,140,142,120,20,22,8,12,14,26,42
test_958.jpg,2448,3264,184,198,182,2,16,1,1,15,16,18
test_959.jpg,1920,2560,131,154,114,17,40,9,8,31,39,57
test_96.jpg,1920,2560,122,170,117,5,53,4,1,49,50,58
test_960.jpg,2448,3264,205,241,193,12,48,7,5,41,46,60
test_961.jpg,2448,3264,121,140,114,7,26,3,4,23,27,33
test_962.jpg,2336,4160,125,141,115,10,26,8,2,18,20,36
test_963.jpg,1920,2560,160,160,134,26,26,10,16,16,32,52
test_964.jpg,2560,1920,155,193,145,10,48,3,7,45,52,58
test_965.jpg,2448,3264,153,150,129,24,21,9,15,12,27,45
test_966.jpg,3264,2448,84,135,65,19,70,4,15,66,81,89
test_967.jpg,1920,2560,126,163,123,3,40,2,1,38,39,43
test_968.jpg,1920,2560,129,130,92,37,38,19,18,19,37,75
test_969.jpg,2340,4160,135,126,111,24,15,5,19,10,29,39
test_97.jpg,2560,1920,163,179,162,1,17,0,1,17,18,18
test_970.jpg,2560,1920,135,142,133,2,9,2,0,7,7,11
test_971.jpg,2448,3264,158,223,142,16,81,9,7,72,79,97
test_972.jpg,1920,2560,140,167,140,0,27,0,0,27,27,27
test_973.jpg,2448,3264,183,198,146,37,52,15,22,37,59,89
test_974.jpg,3264,2448,20,62,20,0,42,0,0,42,42,42
test_975.jpg,1920,2560,139,162,139,0,23,0,0,23,23,23
test_976.jpg,4160,2336,86,114,69,17,45,5,12,40,52,62
test_977.jpg,2448,3264,170,176,132,38,44,11,27,33,60,82
test_978.jpg,2448,3264,148,161,126,22,35,10,12,25,37,57
test_979.jpg,3264,2448,125,129,101,24,28,5,19,23,42,52
test_98.jpg,1920,2560,145,152,125,20,27,9,11,18,29,47
test_980.jpg,1920,2560,118,156,109,9,47,6,3,41,44,56
test_981.jpg,2336,4160,161,162,152,9,10,4,5,6,11,19
test_982.jpg,2340,4160,135,151,123,12,28,1,11,27,38,40
test_983.jpg,2448,3264,123,156,119,4,37,2,2,35,37,41
test_984.jpg,2336,4160,188,196,172,16,24,5,11,19,30,40
test_985.jpg,2448,3264,174,210,151,23,59,8,15,51,66,82
test_986.jpg,2448,3264,173,241,139,34,102,14,20,88,108,136
test_987.jpg,3264,2448,153,171,144,9,27,4,5,23,28,36
test_988.jpg,2340,4160,237,256,203,34,53,16,18,37,55,87
test_989.jpg,2448,3264,91,97,90,1,7,0,1,7,8,8
test_99.jpg,1920,2560,157,159,142,15,17,2,13,15,28,32
test_990.jpg,2448,3264,123,134,115,8,19,5,3,14,17,27
test_991.jpg,2448,3264,200,228,191,9,37,3,6,34,40,46
test_992.jpg,1920,2560,118,131,113,5,18,3,2,15,17,23
test_993.jpg,2336,4160,144,171,131,13,40,5,8,35,43,53
test_994.jpg,2448,3264,143,153,127,16,26,7,9,19,28,42
test_995.jpg,2448,3264,87,291,27,60,264,46,14,218,232,324
test_996.jpg,2448,3264,109,188,88,21,100,10,11,90,101,121
test_997.jpg,3264,2448,55,180,54,1,126,1,0,125,125,127
test_998.jpg,2448,3264,132,127,106,26,21,3,23,18,41,47
test_999.jpg,2560,1920,135,141,130,5,11,1,4,10,14,16
